0;0.889;inauspicious;http://farm9.staticflickr.com/8361/8318867525_d9633dfe76.jpg;Lost child's glove--inauspicious start to the...
0;0.889;inauspicious;http://farm4.staticflickr.com/3604/3319359109_f2c6da9aae.jpg;Inauspicious
0;0.889;inauspicious;http://farm4.staticflickr.com/3153/2466653975_3dd3935079.jpg;spot OF inauspicious
0;0.889;inauspicious;http://farm3.staticflickr.com/2687/4447552671_7331f2d242_z.jpg?zz=1;Gulikakalam
0;0.889;inauspicious;http://farm5.staticflickr.com/4117/4744545921_2562a0ddc8.jpg;The Black Cat
0;0.889;inauspicious;http://farm4.staticflickr.com/3050/3073443372_c7cbd89d73.jpg;Inauspicious
0;0.889;inauspicious;http://farm6.staticflickr.com/5447/6896731126_d83b83b668.jpg;inauspicious-start
0;0.889;inauspicious;http://farm1.staticflickr.com/14/19052093_7faec9e54b.jpg;::08::INK SET1:: Inauspicious
0;0.889;inauspicious;http://farm4.staticflickr.com/3463/3708010895_e6130bda47.jpg;an inauspicious sky
0;0.889;inauspicious;http://farm4.staticflickr.com/3514/3708010787_382bdbca92.jpg;an inauspicious sky
0;0.889;inauspicious;http://farm9.staticflickr.com/8276/8824072692_93764ace82.jpg;http://bit.ly/10qXMeq Inauspicious surroundings for the start of the trip. Enghave St on the S-Tog has seen better days. #CFPreform
0;0.889;inauspicious;http://farm3.staticflickr.com/2371/2423642432_11fc8bc9ac.jpg;Welcome to Seattle
0;0.889;inauspicious;http://farm3.staticflickr.com/2302/2435363341_43f93f5fd6.jpg;Bermuda Triangle
0;0.889;inauspicious;http://farm4.staticflickr.com/3437/3239599616_9408a95f9f.jpg;
0;0.889;inauspicious;http://farm3.staticflickr.com/2463/3652060643_cf693f7a61.jpg;
0;0.889;inauspicious;http://farm4.staticflickr.com/3646/3651898877_9cd87e5cb6.jpg;
0;0.889;inauspicious;http://farm3.staticflickr.com/2248/2338494992_1c10b40d61.jpg;Coaltrain 07 and Whistle Blower 08
0;0.889;inauspicious;http://farm4.staticflickr.com/3293/2917890439_0b62d45fc8_z.jpg?zz=1;Free Pony Rides
0;0.889;inauspicious;http://farm1.staticflickr.com/175/393965464_f1e21c02ac.jpg;Off with their heads
0;0.889;inauspicious;http://farm4.staticflickr.com/3041/3082025426_74eaccca08.jpg;Denver water dept needs help naming reservoirs
0;0.889;inauspicious;http://farm5.staticflickr.com/4149/5204795281_56e1bd8f3a.jpg;Wicked
0;0.889;inauspicious;http://farm9.staticflickr.com/8385/8469105717_936d0eaf9e.jpg;Milk Thistle in the Dead of Winter
0;0.889;inauspicious;http://farm5.staticflickr.com/4111/4959982835_7dc7e91410.jpg;retribalize, whistle blower
0;0.889;inauspicious;http://farm4.staticflickr.com/3189/2874057384_5879fc2d4c.jpg;Out of the Blue
0;0.889;inauspicious;http://farm6.staticflickr.com/5168/5289104475_2c1a001ae2.jpg;What Nightmares Are Made Of
0;0.889;inauspicious;http://farm3.staticflickr.com/2588/4041638031_bd7a00ae34.jpg;Towards the Etna
0;0.889;inauspicious;http://farm1.staticflickr.com/240/519280649_724d3c9d43.jpg;Inauspicious
0;0.889;inauspicious;http://farm1.staticflickr.com/98/363720909_d84db9eb51.jpg;Inauspicious
0;0.889;inauspicious;http://farm7.staticflickr.com/6039/6350747989_3a0a54d7e6.jpg;Inauspicious
0;0.889;inauspicious;http://farm4.staticflickr.com/3430/3182721735_d3ee92f4e2.jpg;Inauspicious
0;0.889;inauspicious;http://farm8.staticflickr.com/7022/6762505641_bcfb7d005e.jpg;inauspicious
0;0.889;inauspicious;http://farm5.staticflickr.com/4044/4262785664_c218c26db2.jpg;inauspicious
0;0.889;inauspicious;http://farm7.staticflickr.com/6123/5953780152_3e9e8e9bb1.jpg;Inauspicious...
0;0.889;inauspicious;http://farm4.staticflickr.com/3290/2725920410_a16c455ea0.jpg;inauspicious
0;0.889;inauspicious;http://farm5.staticflickr.com/4002/5165524728_333e3c3d65.jpg;inauspicious
0;0.889;inauspicious;http://farm2.staticflickr.com/1042/1079595051_a16dcd19d5.jpg;Inauspicious
0;0.889;inauspicious;http://farm8.staticflickr.com/7020/6436780425_82ffede1c7.jpg;Inauspicious
0;0.889;inauspicious;http://farm1.staticflickr.com/73/203657905_ef08ac188a.jpg;Inauspicious
0;0.889;inauspicious;http://farm1.staticflickr.com/171/379590312_0a3903b88a.jpg;Inauspicious.
0;0.889;inauspicious;http://farm7.staticflickr.com/6061/6145669307_5202a9dea7.jpg;Inauspicious
0;0.889;inauspicious;http://farm3.staticflickr.com/2667/3883002002_48378f7ddb.jpg;Inauspicious
0;0.889;inauspicious;http://farm3.staticflickr.com/2634/3745944704_f8082366ae_z.jpg?zz=1;"Twilight" | Lincoln Memorial | Orange County Photographer, Mark Jordan Photography
0;0.889;inauspicious;http://farm9.staticflickr.com/8188/8142976528_4662efeee9.jpg;London Bridge is Not Falling Down
0;0.889;inauspicious;http://farm4.staticflickr.com/3114/3194163748_b6b2bf729f.jpg;Miserable Tokyo Afternoon! Cold and Wet!
0;0.889;inauspicious;http://farm1.staticflickr.com/25/53569319_5cf9b7b8af_z.jpg?zz=1;Sinister Orange
0;0.889;inauspicious;http://farm1.staticflickr.com/32/53537362_60dc459edc_z.jpg?zz=1;Sinister
0;0.889;inauspicious;http://farm4.staticflickr.com/3092/2865125587_c779c67a04.jpg;Crash!
0;0.889;inauspicious;http://farm9.staticflickr.com/8380/8586586705_1e3d4739ec.jpg;2013:365:082
0;0.889;inauspicious;http://farm4.staticflickr.com/3275/2944052286_369e0c9616.jpg;moral dilemma
0;0.889;inauspicious;http://farm9.staticflickr.com/8175/8028453528_9b6186501d.jpg;Inauspicious Beginning
0;0.889;inauspicious;http://farm9.staticflickr.com/8057/8181825345_963fea50c9.jpg;Inauspicious Fortune
0;0.875;hapless;http://farm3.staticflickr.com/2689/4113626858_7d509df9df.jpg;Daily Meditations for the Hapless
0;0.875;hapless;http://farm8.staticflickr.com/7120/7023154331_34b25ab884.jpg;Stuffed Plush Hapless Bear Toy
0;0.875;hapless;http://farm8.staticflickr.com/7006/6728465679_2bef1e7091.jpg;Hapless
0;0.875;hapless;http://farm2.staticflickr.com/1201/5102903420_fbd489a170_z.jpg;hapless Media Monitor Issues Warning Press Freedom #533
0;0.875;hapless;http://farm5.staticflickr.com/4054/5124862850_b6aedcef78_z.jpg;hapless Indonesia Survivors Receive Aid as Disaster Death Toll Rises #783
0;0.875;hapless;http://farm2.staticflickr.com/1095/5110433826_103198032a_z.jpg;keeper hapless #920
0;0.875;hapless;http://farm1.staticflickr.com/100/291638738_c740cdd369.jpg;USS Hapless
0;0.875;hapless;http://farm6.staticflickr.com/5082/5265415511_5394089fbe_z.jpg;hobo hapless #12
0;0.875;hapless;http://farm1.staticflickr.com/74/169971078_92332284df.jpg;Thy hapless fate. Farewell, sweet father mine,
0;0.875;hapless;http://farm3.staticflickr.com/2717/4478676496_7dcaa66585.jpg;Edward Gorey - The Hapless Child
0;0.875;hapless;http://farm3.staticflickr.com/2788/4478050479_37bca5d1bb.jpg;Edward Gorey - The Hapless Child .2
0;0.875;hapless;http://farm2.staticflickr.com/1139/1430858868_194a0e96a7.jpg;The Mighty, Mighty Red Wings vs. Hapless Penguins: 5-2, Wings
0;0.875;hapless;http://farm1.staticflickr.com/24/56238378_011386cd6b.jpg;hapless_hound
0;0.875;hapless;http://farm3.staticflickr.com/2339/1713406839_71aee57274.jpg;hapless copy
0;0.875;hapless;http://farm6.staticflickr.com/5291/5547007495_3cee7a4867.jpg;Unfortunate and Synonyms
0;0.875;hapless;http://farm3.staticflickr.com/2467/3703295846_0a349bd8b6.jpg;H
0;0.875;hapless;http://farm4.staticflickr.com/3226/2444415426_3d614422c8_z.jpg;Noooooooo!
0;0.875;hapless;http://farm4.staticflickr.com/3662/5834516439_4a382886d4.jpg;stitch in your knitted brow
0;0.875;hapless;http://farm5.staticflickr.com/4145/5047563558_ed9c692d32_z.jpg;Asymetric Antlers
0;0.875;hapless;http://farm8.staticflickr.com/7164/6702102265_4eac464b8c.jpg;Breakdown - its all in the detail
0;0.875;hapless;http://farm7.staticflickr.com/6072/6135955093_e0662ea982.jpg;Great Egret 'the catch' DSC4852
0;0.875;hapless;http://farm2.staticflickr.com/1021/525846443_34ec2d882c.jpg;IMG_2772redwing blackbird
0;0.875;hapless;http://farm1.staticflickr.com/223/525846451_0b81248669.jpg;IMG_2773redwing blcbird
0;0.875;hapless;http://farm3.staticflickr.com/2030/1784154536_15c4a12eaf.jpg;They had no chance of escaping...
0;0.875;hapless;http://farm4.staticflickr.com/3454/3300687653_47504b0c86.jpg;hapless princesses
0;0.875;hapless;http://farm6.staticflickr.com/5441/7441294134_c3b234eb17.jpg;Hapless Follower
0;0.875;hapless;http://farm7.staticflickr.com/6126/5964084267_f93efcd041.jpg;Oh!  Hapless existence!
0;0.875;hapless;http://farm5.staticflickr.com/4150/5082968431_2c58583c03.jpg;Hapless and Crestfallen Rose
0;0.875;hapless;http://farm6.staticflickr.com/5300/5429883804_b9a5a08620_m.jpg;Hapless says as little reverand...
0;0.875;hapless;http://farm4.staticflickr.com/3218/2883275776_1677f9b680_z.jpg;The Hapless Horseman
0;0.875;hapless;http://farm5.staticflickr.com/4112/4977080294_c9cc7a4b9c.jpg;Team Hapless - where's Ray? 
0;0.875;hapless;http://farm5.staticflickr.com/4125/4976473009_38c2d80249.jpg;Team Hapless - athletes(?) one & all  
0;0.875;hapless;http://farm8.staticflickr.com/7287/8740589318_91f4467d7b.jpg;The hapless Kashmiri youth being encircled and beaten by the oppressors.
0;0.875;hapless;http://farm2.staticflickr.com/1344/854328359_b1179f9c06_z.jpg;Street Performer...  And the Hapless Crowd Volunteer
0;0.875;hapless;http://farm4.staticflickr.com/3037/2656718365_7ee80d2317.jpg;The Hapless Bird
0;0.875;hapless;http://farm4.staticflickr.com/3199/3136445872_d6843b7531.jpg;The Hapless Prince - large pendant
0;0.875;hapless;http://farm4.staticflickr.com/3093/3135622525_8eeac32e26.jpg;The Hapless Prince - large pendant
0;0.875;hapless;http://farm4.staticflickr.com/3100/3135616059_e508b9da78.jpg;The Hapless Prince - dragonfly pendant
0;0.875;hapless;http://farm4.staticflickr.com/3296/3135616341_f856b28826.jpg;The Hapless Prince - dragonfly pendant
0;0.875;hapless;http://farm4.staticflickr.com/3296/3135616981_8523d480fb.jpg;The Hapless Prince - dragonfly pendant
0;0.875;hapless;http://farm3.staticflickr.com/2157/2037133328_4931c07c73.jpg;The Hapless Capacitor, Part II
0;0.875;hapless;http://farm9.staticflickr.com/8481/8287296629_42509cc17c.jpg;Total #photobomb! Well played hapless tourist.
0;0.875;hapless;http://farm9.staticflickr.com/8193/8443059043_cb74688bf0.jpg;Indian State aggression against a hapless Kashmiri protestor.
0;0.875;hapless;http://farm1.staticflickr.com/198/503805990_a632b971b7.jpg;Michael Mantler - Edward Gorey - The Hapless Child
0;0.875;hapless;http://farm9.staticflickr.com/8354/8364427466_807bfc51f0.jpg;#signsiamcrazy teaching matteo to root for the hapless bullets
0;0.875;hapless;http://farm9.staticflickr.com/8466/8444148242_5ea52e75ab.jpg;The gross human rights violations by elite Indian army against hapless Kashmiri youth.
0;0.875;hapless;http://farm9.staticflickr.com/8094/8443057419_0eee815d83.jpg;International community must take into account the humiliation  meted out to this hapless Kashmiri mother.
0;0.875;hapless;http://farm9.staticflickr.com/8076/8377457298_71c11cdf62.jpg;The Legendary Black Beast of Aaaaarrrrrrggghhh cleans the bones of a hapless victim
0;0.875;hapless;http://farm1.staticflickr.com/69/168479514_12f56095e2.jpg;Pear haven
0;0.875;hapless;http://farm1.staticflickr.com/23/30665045_3ebb783a4f.jpg;DSCN1320
0;0.875;hapless;http://farm1.staticflickr.com/18/70237665_46581f5dbf.jpg;New Woodshed
0;0.875;infamous;http://farm9.staticflickr.com/8167/7431358938_240079ee77_z.jpg;The Infamous 'Scissors' Traffic Point, Parliament Square, J/W Bridge Street, Great George Street & Parliament Street/ Whitehall, London, SW1 UK. Circa 1960.
0;0.875;infamous;http://farm3.staticflickr.com/2372/3574535564_0d092edfb3.jpg;inFAMOUS music 2
0;0.875;infamous;http://farm3.staticflickr.com/2468/3574535408_86b1407636.jpg;inFAMOUS music 1
0;0.875;infamous;http://farm3.staticflickr.com/2419/3543938186_d5043f7321.jpg;inFamous comic
0;0.875;infamous;http://farm4.staticflickr.com/3588/3599772195_8604238fb3.jpg;Infamous Lego
0;0.875;infamous;http://farm1.staticflickr.com/243/461349157_63ac8dafcb.jpg;Infamous Wait
0;0.875;infamous;http://farm7.staticflickr.com/6056/6278390496_c5ea788d4b_z.jpg;inFAMOUS: Festival of Blood for PS3 (PSN)
0;0.875;infamous;http://farm4.staticflickr.com/3576/3332144272_23e8d1b2c1.jpg;DJ ROB AUSPICIADO POR THE INFAMOUS
0;0.875;infamous;http://farm4.staticflickr.com/3382/3638210190_2d972dedb5.jpg;infamous
0;0.875;infamous;http://farm6.staticflickr.com/5049/5277223269_760acdfe9e.jpg;inFAMOUS Comics Cover
0;0.875;infamous;http://farm4.staticflickr.com/3342/3333869162_e2ee74fca3.jpg;inFamous Pack Front final
0;0.875;infamous;http://farm6.staticflickr.com/5301/5751669252_a310b9e449.jpg;inFAMOUS 2: Hero Edition
0;0.875;infamous;http://farm4.staticflickr.com/3185/5751668942_528bb3f5b3.jpg;inFAMOUS 2: Hero Edition
0;0.875;infamous;http://farm4.staticflickr.com/3487/5751123775_cc21cf05ce.jpg;inFAMOUS 2: Hero Edition
0;0.875;infamous;http://farm3.staticflickr.com/2019/5751123913_3d7b12661d.jpg;inFAMOUS 2: Hero Edition
0;0.875;infamous;http://farm3.staticflickr.com/2324/5751124269_64d4c0bc96.jpg;inFAMOUS 2: Hero Edition
0;0.875;infamous;http://farm5.staticflickr.com/4070/4515257437_619238003c.jpg;InFamous x FixiePixie
0;0.875;infamous;http://farm4.staticflickr.com/3082/3137392116_b52d73af6d_z.jpg?zz=1;Infamous wallpaper
0;0.875;infamous;http://farm9.staticflickr.com/8025/7622375290_f73b3f0dc2_z.jpg;Infamous 2
0;0.875;infamous;http://farm9.staticflickr.com/8143/7622317812_0a11b256e8_z.jpg;Infamous 2.
0;0.875;infamous;http://farm2.staticflickr.com/1041/5181400389_597fe49a5d.jpg;The Infamous Stringdusters
0;0.875;infamous;http://farm9.staticflickr.com/8288/7847955424_4612dda584.jpg;infamous_reign_fuckery_tank_white_black
0;0.875;infamous;http://farm2.staticflickr.com/1281/4687922899_9494640f85.jpg;Infamous Special Edition
0;0.875;infamous;http://farm5.staticflickr.com/4008/4687922903_ffd99594d7.jpg;Infamous Special Edition
0;0.875;infamous;http://farm8.staticflickr.com/7266/7847955778_7fc3072249.jpg;Infamous_reign_clothing_fuckery_tank_tee_shirtWhite_gold
0;0.875;infamous;http://farm8.staticflickr.com/7250/7847956520_7e308138b9.jpg;INFAMOUS_REIGN_FUCKERY_TERMANOLOGY_STATIK_SELEKTAH_OHSIOC_COLLABORATION_SHIRT1
0;0.875;infamous;http://farm9.staticflickr.com/8308/7847956896_9841bba6aa.jpg;INFAMOUS_REIGN_BLACK_WHITE_FUCKERY__front_tank_tee_shirt
0;0.875;infamous;http://farm9.staticflickr.com/8440/7847959274_f313885c53.jpg;infamous_REIGN_WHITE_GOLD_FUCKERY_TANK_AMY_WINEHOUSE
0;0.875;infamous;http://farm4.staticflickr.com/3097/3136709593_6a5b7ce40d_z.jpg?zz=1;Infamous wallpaper 2
0;0.875;infamous;http://farm8.staticflickr.com/7137/7847959744_5d9de75f52.jpg;Infamous Reign Boston Celtics Boston Green Tank Top
0;0.875;infamous;http://farm9.staticflickr.com/8442/7847959976_f8ddce6a5b.jpg;Infamous Reign H Blanco Fuckery Collaboration T-Shirt
0;0.875;infamous;http://farm1.staticflickr.com/225/458862568_3b317bb83c.jpg;Infamous
0;0.875;infamous;http://farm5.staticflickr.com/4121/4949014623_fb545dd43f_z.jpg;inFAMOUS 2
0;0.875;infamous;http://farm5.staticflickr.com/4131/4966660108_3b651a9f53.jpg;Infamous Booth
0;0.875;infamous;http://farm2.staticflickr.com/1176/4722984724_04a6b2df49_z.jpg;Infamous 2
0;0.875;infamous;http://farm2.staticflickr.com/1026/4722331531_020883c656.jpg;Infamous 2
0;0.875;infamous;http://farm4.staticflickr.com/3282/3118114889_a33e5d5465_z.jpg;inFamous Morning
0;0.875;infamous;http://farm4.staticflickr.com/3044/2632055572_3a10b17f29_z.jpg;inFamous Screen_car
0;0.875;infamous;http://farm4.staticflickr.com/3114/2631232039_440569b2c0_z.jpg;inFamous Screen_train
0;0.875;infamous;http://farm1.staticflickr.com/125/422471172_65abf5e8b4.jpg;INFAMOUS ENGLISH SHOES
0;0.875;infamous;http://farm4.staticflickr.com/3356/3570832571_b78fcba8ca_z.jpg?zz=1;inFAMOUS Limited Edition Poster
0;0.875;infamous;http://farm6.staticflickr.com/5169/5284624280_e64f1d81fc_z.jpg;inFAMOUS 2
0;0.875;infamous;http://farm3.staticflickr.com/2069/5787989710_084885f393_z.jpg;inFAMOUS 2: Cole grinds
0;0.875;infamous;http://farm4.staticflickr.com/3139/5787989858_66e23bc8cd.jpg;inFAMOUS 2: Walmart poster
0;0.875;infamous;http://farm3.staticflickr.com/2273/3543446585_7e68c5453c.jpg;inFAMOUS (On top of building) trailer screenshot
0;0.875;infamous;http://farm4.staticflickr.com/3628/3571639684_e6ab37197c.jpg;inFAMOUS destroy and rebuild 1
0;0.875;infamous;http://farm4.staticflickr.com/3624/3427322468_bf57dd34ef_z.jpg?zz=1;inFamous Gigawatt Blades
0;0.875;infamous;http://farm4.staticflickr.com/3597/3378789783_903a754c0c.jpg;inFamous - Cole's dark side
0;0.875;infamous;http://farm5.staticflickr.com/4078/4908305491_f61f6c48a2_z.jpg;inFAMOUS 2 gamescom pics
0;0.875;infamous;http://farm5.staticflickr.com/4143/4908306109_3323d8362d_z.jpg;inFAMOUS 2 gamescom pics
0;0.875;infamous;http://farm5.staticflickr.com/4077/4908898522_ccff241061_z.jpg;inFAMOUS 2 gamescom pics
0;0.875;otherworldly;http://farm9.staticflickr.com/8243/8540392129_222c931f0e.jpg;Otherworldly
0;0.875;otherworldly;http://farm8.staticflickr.com/7256/6930311914_8ff5201e59.jpg;Otherworldly creature
0;0.875;otherworldly;http://farm4.staticflickr.com/3577/5719629627_3e497d306c.jpg;Otherworldly
0;0.875;otherworldly;http://farm9.staticflickr.com/8525/8535664816_ddd8f72cc7.jpg;Otherworldly beautiful
0;0.875;otherworldly;http://farm8.staticflickr.com/7233/6912771040_3f81cab9cc.jpg;Next Top Ghoul: Challenge Three :Otherworldly Creature
0;0.875;otherworldly;http://farm3.staticflickr.com/2628/3785621730_3bf22a864c.jpg;@iamdrewjacoby and @jacobypronk are otherworldly in Dance Magazine
0;0.875;otherworldly;http://farm8.staticflickr.com/7181/7076387949_befab33173.jpg;Otherworldly creature
0;0.875;otherworldly;http://farm4.staticflickr.com/3009/2942941043_70193f7c3a.jpg;otherworldly
0;0.875;otherworldly;http://farm4.staticflickr.com/3380/3579654489_a1299e0e70.jpg;Otherworldly-8
0;0.875;otherworldly;http://farm4.staticflickr.com/3416/3581462786_ff1914ae09.jpg;Otherworldly-11
0;0.875;otherworldly;http://farm4.staticflickr.com/3649/3581511862_16a7e7ed8f.jpg;Otherworldly-13
0;0.875;otherworldly;http://farm4.staticflickr.com/3317/3579591139_328d115dc4.jpg;Otherworldly-5
0;0.875;otherworldly;http://farm4.staticflickr.com/3340/3581512026_1120c8e764.jpg;Otherworldly-16
0;0.875;otherworldly;http://farm3.staticflickr.com/2455/3580166918_5011bf551b.jpg;Otherworldly-1
0;0.875;otherworldly;http://farm4.staticflickr.com/3388/3580542908_65c917850e.jpg;Otherworldly-9
0;0.875;otherworldly;http://farm3.staticflickr.com/2471/3580174986_1ca2072b66.jpg;Otherworldly-3
0;0.875;otherworldly;http://farm3.staticflickr.com/2446/3667266478_3a50d022e7.jpg;Otherworldly
0;0.875;otherworldly;http://farm3.staticflickr.com/2444/3589840511_659983f4da.jpg;Otherworldly-31
0;0.875;otherworldly;http://farm4.staticflickr.com/3629/3588989320_12cc31d35e.jpg;Otherworldly-24
0;0.875;otherworldly;http://farm4.staticflickr.com/3341/3596242072_fc230dc538.jpg;Otherworldly-40
0;0.875;otherworldly;http://farm4.staticflickr.com/3409/3595512961_2d09864d40.jpg;Otherworldly-41
0;0.875;otherworldly;http://farm4.staticflickr.com/3307/3582552829_f60e6d3665.jpg;Otherworldly-17
0;0.875;otherworldly;http://farm4.staticflickr.com/3229/3589840607_c2dde6a8b6.jpg;Otherworldly-32
0;0.875;otherworldly;http://farm4.staticflickr.com/3363/3582553049_fd2c4987f9.jpg;Otherworldly-19
0;0.875;otherworldly;http://farm4.staticflickr.com/3597/3595513373_007275d0b3.jpg;Otherworldly-46
0;0.875;otherworldly;http://farm4.staticflickr.com/3405/3590534554_f8e1b690e0.jpg;Otherworldly-26
0;0.875;otherworldly;http://farm4.staticflickr.com/3382/3588956916_fefbb7a13f.jpg;Otherworldly-21
0;0.875;otherworldly;http://farm3.staticflickr.com/2443/3582552943_dc5000e983.jpg;Otherworldly-18
0;0.875;otherworldly;http://farm3.staticflickr.com/2457/3589663613_cce1488b1b.jpg;Otherworldly-25
0;0.875;otherworldly;http://farm4.staticflickr.com/3362/3588166233_bdd4b7bf2f.jpg;Otherworldly-23
0;0.875;otherworldly;http://farm4.staticflickr.com/3355/3595102390_030d3426a2.jpg;Otherworldly-35
0;0.875;otherworldly;http://farm4.staticflickr.com/3353/3594295913_41e2220a20.jpg;Otherworldly-36
0;0.875;otherworldly;http://farm3.staticflickr.com/2445/3589787751_662b826705.jpg;Otherworldly-29
0;0.875;otherworldly;http://farm3.staticflickr.com/2474/3596320346_6cd064801a.jpg;Otherworldly-43
0;0.875;otherworldly;http://farm4.staticflickr.com/3642/3595513053_5015042775.jpg;Otherworldly-42
0;0.875;otherworldly;http://farm4.staticflickr.com/3373/3588956978_58e837daa4.jpg;Otherworldly-22
0;0.875;otherworldly;http://farm4.staticflickr.com/3402/3590534684_f552a83d53.jpg;Otherworldly-27
0;0.875;otherworldly;http://farm4.staticflickr.com/3611/3589727607_a43763bfb6.jpg;Otherworldly-28
0;0.875;otherworldly;http://farm4.staticflickr.com/3387/3595434395_ed34f8cf96.jpg;Otherworldly-37
0;0.875;otherworldly;http://farm4.staticflickr.com/3327/3595513189_e0bd1c7edd.jpg;Otherworldly-44
0;0.875;otherworldly;http://farm4.staticflickr.com/3623/3595102300_bb41030d87.jpg;Otherworldly-33
0;0.875;otherworldly;http://farm4.staticflickr.com/3318/3589787841_9b039f8953.jpg;Otherworldly-30
0;0.875;otherworldly;http://farm3.staticflickr.com/2462/3595513255_65b1327bd7.jpg;Otherworldly-45
0;0.875;otherworldly;http://farm4.staticflickr.com/3356/3583362476_8c48333a48.jpg;Otherworldly-20
0;0.875;otherworldly;http://farm4.staticflickr.com/3339/3595102344_69d52ab420.jpg;Otherworldly-34
0;0.875;otherworldly;http://farm3.staticflickr.com/2024/3595434481_3b8fb99c97.jpg;Otherworldly-38
0;0.875;otherworldly;http://farm3.staticflickr.com/2413/1992793508_57553cb9f4.jpg;otherworldly
0;0.875;otherworldly;http://farm7.staticflickr.com/6055/6259947862_421cdcef1e.jpg;Otherworldly
0;0.875;otherworldly;http://farm8.staticflickr.com/7044/6978860219_a6448016ee_z.jpg;otherworldly
0;0.875;otherworldly;http://farm4.staticflickr.com/3424/3824151437_12353cff0d.jpg;the otherworldlies
0;0.875;otherworldly;http://farm6.staticflickr.com/5014/5498553320_609d73c208.jpg;Otherworldly
0;0.875;unfortunately;http://farm8.staticflickr.com/7152/6662458161_9a4184dee5_z.jpg;Unfortunately dogs cannot read
0;0.875;unfortunately;http://farm3.staticflickr.com/2247/3543254166_37c60930d7.jpg;Unfortunately named food products.
0;0.875;unfortunately;http://farm7.staticflickr.com/6227/6315810335_47a5c4a2f6.jpg;1Z75 | 73141 'Charlotte' | 05-11-2011
0;0.875;unfortunately;http://farm9.staticflickr.com/8354/8445877294_830b522045.jpg;Chocolate Anyone - Day 4
0;0.875;unfortunately;http://farm9.staticflickr.com/8392/8644410535_9c5d82437d.jpg;Deuteronomy 6:4-5 ...item 2.. Dear Emuna: Joining Israel’s Army (April 23, 2013 / 13 Iyar 5773) ...
0;0.875;unfortunately;http://farm9.staticflickr.com/8529/8595486253_58ba12b4e9.jpg;37516 & 47760 1Z99 at Harpur Hill 27/03/2013
0;0.875;unfortunately;http://farm3.staticflickr.com/2462/3981324487_6f0a2ba3c3.jpg;Sliced Thunderhead
0;0.875;unfortunately;http://farm2.staticflickr.com/1086/3167945018_c94b43cbbc_z.jpg?zz=1;326\365  Why those Vanished !!
0;0.875;unfortunately;http://farm4.staticflickr.com/3289/5874149732_2ae1372502.jpg;FROLIC Magazine (January 1964) ...item 2..Yes, it does exist: U.S. gynaecologist says he has found the G-spot (but it's very, very small)  Elusive erogenous zone  --  25 April 2012  ...
0;0.875;unfortunately;http://farm5.staticflickr.com/4033/4293965116_0d48f81797.jpg;CANBERRA T17 WJ607
0;0.875;unfortunately;http://farm3.staticflickr.com/2713/4183722317_cbf981d4d5.jpg;Built for the Killed
0;0.875;unfortunately;http://farm8.staticflickr.com/7122/7726364022_667abb0a1d.jpg;Unfortunately lucky
0;0.875;unfortunately;http://farm3.staticflickr.com/2245/2342477402_1ec180193b.jpg;Unfortunately, the last update on our neighbor...
0;0.875;unfortunately;http://farm8.staticflickr.com/7218/7278508728_c093baedfb.jpg;Also this situation unfortunately is India | Mumbai old town | Indian poor people
0;0.875;unfortunately;http://farm4.staticflickr.com/3507/3254017864_347953eda5.jpg;...ill again. //can't visit you, unfortunately// .will be back as soon as I'm fine.
0;0.875;unfortunately;http://farm4.staticflickr.com/3533/4038299269_41e5b28ed1.jpg;363
0;0.875;unfortunately;http://farm6.staticflickr.com/5003/5347088374_0f55a4faf7.jpg;a walk to the hospital
0;0.875;unfortunately;http://farm6.staticflickr.com/5188/5786793090_d46e06cd82.jpg;x.
0;0.875;unfortunately;http://farm4.staticflickr.com/3438/3370356640_95d02f7778.jpg;chocolate fondue pudding...
0;0.875;unfortunately;http://farm6.staticflickr.com/5066/5592622752_1585497890.jpg;my heart is full to over-flowing
0;0.875;unfortunately;http://farm8.staticflickr.com/7075/7318536660_2eb8be84d0.jpg;Fripley's Axiom
0;0.875;unfortunately;http://farm5.staticflickr.com/4061/4625537980_a6d66ca082.jpg;138.365
0;0.875;unfortunately;http://farm2.staticflickr.com/1242/624922699_a09ba391fd_z.jpg;might as well be on mars
0;0.875;unfortunately;http://farm9.staticflickr.com/8068/8227036112_243eac368a.jpg;Calinette ~~
0;0.875;unfortunately;http://farm4.staticflickr.com/3208/2967659369_ee29098f93.jpg;Unfortunately
0;0.875;unfortunately;http://farm7.staticflickr.com/6041/6415993047_879ed9dda7.jpg;Unfortunately
0;0.875;unfortunately;http://farm4.staticflickr.com/3065/2821759421_2cfd24490e.jpg;The healthy heart diet
0;0.875;unfortunately;http://farm4.staticflickr.com/3087/2635524770_1ce61c8057.jpg;129/365 - Lady In Red (sheets...?)
0;0.875;unfortunately;http://farm2.staticflickr.com/1355/5159971842_ff5d77cf7c.jpg;
0;0.875;unfortunately;http://farm7.staticflickr.com/6162/6261508996_cf2d6cba59.jpg;
0;0.875;unfortunately;http://farm3.staticflickr.com/2555/4023409972_4ee27d00db.jpg;Growing up is never easy. You hold onto things that were; you wonder what's to come.
0;0.875;unfortunately;http://farm5.staticflickr.com/4008/4227737201_e1663c1042.jpg;love walmart
0;0.875;unfortunately;http://farm1.staticflickr.com/162/403651377_d286b5fcb3.jpg;02:26:07 - day 118.
0;0.875;unfortunately;http://farm9.staticflickr.com/8538/8680777294_9bd738505b.jpg;Unfortunately
0;0.875;unfortunately;http://farm3.staticflickr.com/2365/2149953808_3f3ecc92db.jpg;Unfettered... unfortunately..
0;0.875;unfortunately;http://farm6.staticflickr.com/5225/5602165823_26d6f7e3d8.jpg;Taubenhaus der Friedenstaube, leider unbewohnt (Pigeon House of the dove of peace, unfortunately uninhabited)
0;0.875;unfortunately;http://farm6.staticflickr.com/5268/5567762840_37ea15c413.jpg;C'est la vie
0;0.875;unfortunately;http://farm7.staticflickr.com/6037/7024500963_068398426b_z.jpg;Power Station meet Sunset in Magdeburg / Iphone Shot 
0;0.875;unfortunately;http://farm5.staticflickr.com/4034/4693125308_4b888a54b3.jpg;DHL Boeing 727-2J4 Adv F
0;0.875;unfortunately;http://farm5.staticflickr.com/4020/4483664197_e898ae2740.jpg;All Too Familiar...
0;0.875;unfortunately;http://farm2.staticflickr.com/1326/537810271_235c035fb3.jpg;The Matrix
0;0.875;unfortunately;http://farm5.staticflickr.com/4112/5096437772_22625452dd.jpg;unfortunately....the door is closed for you
0;0.875;unfortunately;http://farm4.staticflickr.com/3628/3385840839_d069be63fc.jpg;Saturate Me
0;0.875;unfortunately;http://farm4.staticflickr.com/3183/2883795196_a2ea70fa5d.jpg;Il Porcellino
0;0.875;unfortunately;http://farm1.staticflickr.com/103/368323526_35be53b766.jpg;Ilkley Moor "Bar" Tat
0;0.875;unfortunately;http://farm8.staticflickr.com/7015/6437605853_3f25ec5c6f.jpg;Antarctica 2011 - Mikkelsen Sunset
0;0.875;unfortunately;http://farm8.staticflickr.com/7159/6437602599_958ca25299.jpg;Antarctica 2011 - Duo
0;0.875;unfortunately;http://farm4.staticflickr.com/3037/2806433578_87efd3f274.jpg;Unfortunately, I forgot to move the cars out of the way before the storm.
0;0.875;unfortunately;http://farm2.staticflickr.com/1087/613889936_5922277a3b.jpg;lucy said "mamaaa -there's a cute little baby duck ! unfortunately dead - but you have to take a photo ! " so i did .
0;0.875;unfortunately;http://farm4.staticflickr.com/3432/3896455787_37b524e1b4.jpg;The Rat Exterminator
0;0.875;unfortunately;http://farm3.staticflickr.com/2347/2949492396_e3a37dcbe6.jpg;Flying Barn Owl
0;0.875;horrid;http://farm5.staticflickr.com/4114/5411597555_501a395bda_z.jpg;Horrid Hill! It's not much of a hill and it does not look horrid !
0;0.875;horrid;http://farm6.staticflickr.com/5226/5634316419_f2a63cb85a.jpg;Horrid Henry Stage Show Poster
0;0.875;horrid;http://farm6.staticflickr.com/5109/5634315083_cfd4219de9.jpg;Horrid Henry's Most Horrible Album
0;0.875;horrid;http://farm6.staticflickr.com/5265/5634316771_555f25ba03.jpg;Horrid Henry's Missions of Mischief
0;0.875;horrid;http://farm9.staticflickr.com/8496/8281341040_654f968b84.jpg;Horrid Hill from Sharps Green Bay
0;0.875;horrid;http://farm6.staticflickr.com/5145/5634706626_295518d958.jpg;Horrid Henry and Rude Ralph
0;0.875;horrid;http://farm4.staticflickr.com/3285/2942612119_e961669dd6.jpg;Horrid Gold
0;0.875;horrid;http://farm4.staticflickr.com/3346/3429061643_0a8bcdf097.jpg;Horrid Hill
0;0.875;horrid;http://farm5.staticflickr.com/4065/5147687941_c727984cdc.jpg;Horrid Henry e- newsletter template
0;0.875;horrid;http://farm3.staticflickr.com/2398/5715951252_c2a0d4878b_z.jpg;Horrid Zale
0;0.875;horrid;http://farm9.staticflickr.com/8506/8475581985_eae15f4eda_z.jpg;Meet Horrid Henry this February half term
0;0.875;horrid;http://farm6.staticflickr.com/5094/5540904783_2e2e1cd1b5_z.jpg;The Horrid
0;0.875;horrid;http://farm9.staticflickr.com/8257/8746804123_2d875a88c2.jpg;Muddy Sunset - Horrid Hill
0;0.875;horrid;http://farm8.staticflickr.com/7286/8732718930_53d943caf3.jpg;Evening Light - Horrid Hill
0;0.875;horrid;http://farm8.staticflickr.com/7285/8732732914_228b8e43ee.jpg;Crabs eye View - Horrid Hill
0;0.875;horrid;http://farm8.staticflickr.com/7286/8732723984_1c9a1a2083.jpg;Passing Storm - Horrid Hill
0;0.875;horrid;http://farm9.staticflickr.com/8083/8388196133_439ff90cf4.jpg;DCC Three - Horrid Hill
0;0.875;horrid;http://farm8.staticflickr.com/7301/8731625509_694b2ab67c.jpg;Last Sunset Light - Horrid Hill
0;0.875;horrid;http://farm3.staticflickr.com/2781/4047115027_48d00cbbe8.jpg;Horrid
0;0.875;horrid;http://farm8.staticflickr.com/7011/6719436205_67efbdfbf8.jpg;Horrid Henry
0;0.875;horrid;http://farm6.staticflickr.com/5335/7203376480_5ec5bf8178.jpg;Horrid Zale
0;0.875;horrid;http://farm9.staticflickr.com/8085/8574663308_be050745ef.jpg;Horrid Hill
0;0.875;horrid;http://farm3.staticflickr.com/2094/2421823765_aef76a0db9_z.jpg?zz=1;Horrid Zale
0;0.875;horrid;http://farm5.staticflickr.com/4117/4930607170_36f07d95f1.jpg;Horrid Henry Cake
0;0.875;horrid;http://farm7.staticflickr.com/6167/6208518698_419640c271.jpg;Horrid Zale, Zale horrida
0;0.875;horrid;http://farm6.staticflickr.com/5262/5634896510_5d02e0ffaa.jpg;Horrid Henry Logo
0;0.875;horrid;http://farm4.staticflickr.com/3066/2824050749_70b5e60d58.jpg;HHLH Don't be horrid, Henry!
0;0.875;horrid;http://farm1.staticflickr.com/124/321708211_05c87b6060.jpg;horrid jacket
0;0.875;horrid;http://farm8.staticflickr.com/7276/7666525312_c55e070a08.jpg;Horrid #2
0;0.875;horrid;http://farm9.staticflickr.com/8160/7666525074_2a0e82f530.jpg;Horrid #2
0;0.875;horrid;http://farm9.staticflickr.com/8167/7666525160_3468eefe45.jpg;Horrid #2
0;0.875;horrid;http://farm9.staticflickr.com/8151/7666525240_fce75297b5.jpg;Horrid #2
0;0.875;horrid;http://farm9.staticflickr.com/8286/7666525370_c77ba47fca.jpg;Horrid #2
0;0.875;horrid;http://farm9.staticflickr.com/8157/7666521232_07bef6ed8d.jpg;Horrid #3
0;0.875;horrid;http://farm9.staticflickr.com/8161/7666521050_40f99340c4.jpg;Horrid #3
0;0.875;horrid;http://farm8.staticflickr.com/7112/7666521124_a3faaa6c95.jpg;Horrid #3
0;0.875;horrid;http://farm9.staticflickr.com/8010/7666521310_bbf0683eeb.jpg;Horrid #3
0;0.875;horrid;http://farm9.staticflickr.com/8283/7666521176_031923797a.jpg;Horrid #3
0;0.875;horrid;http://farm9.staticflickr.com/8008/7521754198_caf3b8d2ae.jpg;Horrid Hill
0;0.875;horrid;http://farm5.staticflickr.com/4027/4359305546_5de5ecf8b9.jpg;horrid motney
0;0.875;horrid;http://farm3.staticflickr.com/2469/3560151601_e2e04278c1.jpg;Horrid Hill
0;0.875;horrid;http://farm6.staticflickr.com/5257/5531766254_9a74509a71_z.jpg;Horrid sunrise
0;0.875;horrid;http://farm8.staticflickr.com/7136/7521756258_8e9f27c9a4.jpg;Horrid Hill
0;0.875;horrid;http://farm8.staticflickr.com/7116/7521753034_13740d7948.jpg;Horrid Hill
0;0.875;horrid;http://farm6.staticflickr.com/5060/5503392263_b00281c58f.jpg;Zale horrida - Horrid Zale
0;0.875;horrid;http://farm5.staticflickr.com/4094/4782438663_bf369b36f9.jpg;Horrid Hill Wrecked
0;0.875;horrid;http://farm5.staticflickr.com/4136/4782439063_534e97b3d0.jpg;Horrid Hill Beached
0;0.875;horrid;http://farm4.staticflickr.com/3149/5715951322_90063bec62.jpg;Horrid Zale
0;0.875;horrid;http://farm5.staticflickr.com/4044/5148291346_8f759860be.jpg;Horrid Henry Pitch Concept - Advert
0;0.875;horrid;http://farm3.staticflickr.com/2115/2291186543_57e40504c2.jpg;A view looing across to Horrid Hill from Sharps Green bay
0;0.875;horrid;http://farm3.staticflickr.com/2714/4386356399_d55261b50a_z.jpg?zz=1;Horrid Zale Moth (Zale horrida)
0;0.875;faux;http://farm2.staticflickr.com/1011/1151464451_d2fca184ac.jpg;Faux Ceramic Pendant
0;0.875;faux;http://farm6.staticflickr.com/5226/5577486307_2a953fd69a.jpg;FAUX COLUMN
0;0.875;faux;http://farm9.staticflickr.com/8101/8566267917_37e7c5c2db.jpg;FAUX @ Fi*Friday
0;0.875;faux;http://farm3.staticflickr.com/2598/3846241334_e8b6581518.jpg;Faux
0;0.875;faux;http://farm2.staticflickr.com/1213/5112751196_a156c3e217.jpg;Faux Hawk Fade
0;0.875;faux;http://farm2.staticflickr.com/1174/5112148973_9c1cffd269.jpg;Faux Hawk Fade
0;0.875;faux;http://farm3.staticflickr.com/2634/3941516898_73561e71ab.jpg;faux
0;0.875;faux;http://farm7.staticflickr.com/6141/6034397664_0992041285.jpg;Faux Finishes 02
0;0.875;faux;http://farm3.staticflickr.com/2558/3763786202_c3bd37a742.jpg;Faux Hawk Piece
0;0.875;faux;http://farm3.staticflickr.com/2607/3762988723_633cd57f50.jpg;Faux Hawk Piece
0;0.875;faux;http://farm3.staticflickr.com/2439/3762988791_fa0b756750.jpg;Faux Hawk Piece
0;0.875;faux;http://farm9.staticflickr.com/8246/8546802509_758246f6dd_c.jpg;FAUX @ Fi*Friday
0;0.875;faux;http://farm5.staticflickr.com/4142/4762807100_32a4f61c76_z.jpg;Faux Tortoise Shell
0;0.875;faux;http://farm5.staticflickr.com/4079/4762169147_8f7a72b270.jpg;Faux Tortoise Shell
0;0.875;faux;http://farm5.staticflickr.com/4096/4762805776_411abedc92.jpg;Faux Tortoise Shell
0;0.875;faux;http://farm5.staticflickr.com/4134/4762804960_fcbc53446c.jpg;Faux Tortoise Shell
0;0.875;faux;http://farm5.staticflickr.com/4135/4762172979_ed36448f90.jpg;Faux Tortoise Shell
0;0.875;faux;http://farm1.staticflickr.com/95/271817634_545cc5cbf9.jpg;faux stone bathroom
0;0.875;faux;http://farm5.staticflickr.com/4022/4585887037_a06b2045c0.jpg;Faux Bone snake ring
0;0.875;faux;http://farm3.staticflickr.com/2728/4218708338_1b6a1f8914.jpg;Faux Bone™ Ring
0;0.875;faux;http://farm1.staticflickr.com/145/354305294_30fff8b5d6.jpg;Faux Stone
0;0.875;faux;http://farm4.staticflickr.com/3153/2920804437_352bd314d3.jpg;Faux Pebbles
0;0.875;faux;http://farm6.staticflickr.com/5089/5267317565_1daf4b0954.jpg;Faux Onyx
0;0.875;faux;http://farm5.staticflickr.com/4016/4330717634_826d94affd.jpg;Faux Turquoise Beads
0;0.875;faux;http://farm3.staticflickr.com/2174/2254210702_2d6dedbe6c.jpg;Faux Turquoise
0;0.875;faux;http://farm3.staticflickr.com/2694/4455435023_0687d5bb96.jpg;Faux Cloisonne
0;0.875;faux;http://farm4.staticflickr.com/3502/3725934269_978a6725fb.jpg;faux yellow turquoise
0;0.875;faux;http://farm5.staticflickr.com/4109/4991063897_433bba0427.jpg;Faux finishing for ceilings
0;0.875;faux;http://farm3.staticflickr.com/2700/4199018527_beddbb75aa.jpg;Faux Bone Bangle
0;0.875;faux;http://farm4.staticflickr.com/3060/2742282643_026b00f22c.jpg;Faux Ceramic Pendant
0;0.875;faux;http://farm5.staticflickr.com/4109/4837584520_dcd73ca878.jpg;Faux Bone™ Ring
0;0.875;faux;http://farm6.staticflickr.com/5281/5267924410_666d138d4e.jpg;Faux finishing columns
0;0.875;faux;http://farm1.staticflickr.com/208/476821584_348a6fbcc7.jpg;Faux Ivory Necklace
0;0.875;faux;http://farm5.staticflickr.com/4111/5055677771_dd674b4eb1.jpg;Faux finishing columns
0;0.875;faux;http://farm3.staticflickr.com/2503/4152918151_d7863ebf7a.jpg;Faux Lapis
0;0.875;faux;http://farm8.staticflickr.com/7192/7142515277_7d2d6b5791.jpg;(faux) Avis de recherche
0;0.875;faux;http://farm5.staticflickr.com/4066/4478118705_1bbc204bb1.jpg;Faux egg
0;0.875;faux;http://farm3.staticflickr.com/2553/3727723909_dc92e2c6a8.jpg;faux stained glass
0;0.875;faux;http://farm4.staticflickr.com/3502/3743972840_2ac2d429ed.jpg;Faux Turquoise Cabochon
0;0.875;faux;http://farm3.staticflickr.com/2254/2256496011_95b6c3aa86.jpg;Faux Sugar Eggs
0;0.875;faux;http://farm3.staticflickr.com/2266/2175317868_44f376fa59.jpg;Faux cupcakes
0;0.875;faux;http://farm4.staticflickr.com/3600/3511966002_573d5f5b47.jpg;Faux True Religions
0;0.875;faux;http://farm7.staticflickr.com/6155/6220346873_ebcc6a386e.jpg;faux carved bone steampunk butterfly pendant
0;0.875;faux;http://farm4.staticflickr.com/3393/3329113238_b200db6fe2.jpg;Faux Fabric Wall
0;0.875;faux;http://farm1.staticflickr.com/132/354287319_b2c9a7d86c.jpg;Faux Metal-- Silver
0;0.875;faux;http://farm8.staticflickr.com/7145/6752131893_116229acbf.jpg;Faux Stainglass - project 366 #23
0;0.875;faux;http://farm1.staticflickr.com/146/354294255_a914c31f4e.jpg;Faux Metal, from texture sheet
0;0.875;faux;http://farm3.staticflickr.com/2667/3906176768_19d94160e4.jpg;Faux log cabin pink baby quilt
0;0.875;faux;http://farm3.staticflickr.com/2490/3905393399_394fd807df.jpg;Faux log cabin blue baby quilt
0;0.875;faux;http://farm4.staticflickr.com/3283/3071505190_f9def955d7.jpg;faux quartz necklace
0;0.875;faux;http://farm1.staticflickr.com/140/327474300_f4848aeb43.jpg;Faux Jade Necklace
0;0.875;crotchety;http://farm3.staticflickr.com/2011/1650479152_13e3b94197.jpg;Crotchety - The dictionary of Image
0;0.875;crotchety;http://farm1.staticflickr.com/26/50557635_67a7ba983c.jpg;Janitor
0;0.875;crotchety;http://farm3.staticflickr.com/2310/1600130316_a92153502f.jpg;Don't Ask Devo
0;0.875;crotchety;http://farm3.staticflickr.com/2102/1599244139_b91aabded7.jpg;Devo
0;0.875;crotchety;http://farm1.staticflickr.com/206/450359547_838c3fc763.jpg;Fetched Up Against the Fence
0;0.875;crotchety;http://farm1.staticflickr.com/1/2782797_c0bc4e0a5b.jpg;Crotchety
0;0.875;crotchety;http://farm4.staticflickr.com/3643/3389582443_3a39fedc0c.jpg;crotchety old man fish
0;0.875;crotchety;http://farm4.staticflickr.com/3342/3308000883_d117e898c3.jpg;Dane Crotchety
0;0.875;crotchety;http://farm5.staticflickr.com/4146/5004149382_a46813f20b.jpg;Crotchety
0;0.875;crotchety;http://farm1.staticflickr.com/9/11268893_c2f07dc395.jpg;Crotchety
0;0.875;crotchety;http://farm4.staticflickr.com/3651/3700146192_41e046eb57.jpg;Crotchety Mass
0;0.875;crotchety;http://farm3.staticflickr.com/2525/3881361354_87abaea049_m.jpg;Crotchety / Quengelig
0;0.875;crotchety;http://farm1.staticflickr.com/107/298365489_b4cda76c7a.jpg;Crotchety Esquirel Drinking Port
0;0.875;crotchety;http://farm3.staticflickr.com/2633/4084088773_11b329399e.jpg;Apple Pie with Crotchety Apple Farm fruit
0;0.875;crotchety;http://farm4.staticflickr.com/3018/3250019621_0937887025.jpg;Coffee and cigarettes. Boy I'm crotchety today
0;0.875;crotchety;http://farm3.staticflickr.com/2289/2104506489_2fb7fbab04.jpg;the most handsomely coiffed bubble beard...
0;0.875;crotchety;http://farm4.staticflickr.com/3084/2625226443_96989d95cf.jpg;forbidden rainbow
0;0.875;crotchety;http://farm4.staticflickr.com/3334/3572144556_9c29c913a2.jpg;"Get the Hell Outta Here!"
0;0.875;crotchety;http://farm8.staticflickr.com/7177/6799593066_2ed7831867.jpg;crotchety knitwits old bar
0;0.875;crotchety;http://farm4.staticflickr.com/3626/3567148244_e1cfb0b80b.jpg;Matt & Duane - Crouched & Crotchety
0;0.875;crotchety;http://farm6.staticflickr.com/5186/5683931660_c94ef13920.jpg;Crotchety Old Man
0;0.875;crotchety;http://farm6.staticflickr.com/5279/5911236316_1b86c9d6f3.jpg;Bored crotchety people who live in my condo building problems...
0;0.875;crotchety;http://farm6.staticflickr.com/5134/5419507331_da35376024.jpg;Perfect: just the right App for crotchety friends who stress about typing on a touchpad
0;0.875;crotchety;http://farm4.staticflickr.com/3226/2981063930_a47b7e7ecd.jpg;Before Spiders Fall Out of Trees Waving Thin Crotchety Legs to Work Down Tire Swing Chains
0;0.875;crotchety;http://farm3.staticflickr.com/2785/4116151919_dc6a9b42cf.jpg;Miss Kate
0;0.875;crotchety;http://farm1.staticflickr.com/99/302508234_42155685d0.jpg;Me-Me
0;0.875;crotchety;http://farm1.staticflickr.com/31/62253481_5ddd76e38e.jpg;Cat Soup
0;0.875;crotchety;http://farm4.staticflickr.com/3438/3699335945_cf5f34e977.jpg;Strike a Pose
0;0.875;crotchety;http://farm4.staticflickr.com/3117/3172109601_e1492db6eb.jpg;Berz
0;0.875;crotchety;http://farm7.staticflickr.com/6112/6402231999_4ce35c16a4.jpg;Sandwich of Leftovers
0;0.875;crotchety;http://farm8.staticflickr.com/7030/6402229955_222d8a226d.jpg;Electrician In Progress
0;0.875;crotchety;http://farm8.staticflickr.com/7002/6402236919_aafde763ce.jpg;Bourbon in the Shower
0;0.875;crotchety;http://farm3.staticflickr.com/2640/3700146026_7dfe17e497.jpg;Jenn
0;0.875;crotchety;http://farm4.staticflickr.com/3649/3699335645_5079a7f39f.jpg;Gardening by Bike
0;0.875;crotchety;http://farm4.staticflickr.com/3174/2435431604_5a87457021.jpg;Message to the world
0;0.875;crotchety;http://farm7.staticflickr.com/6094/6402235025_d7d0eb1b8e.jpg;Friday Night Sunset
0;0.875;crotchety;http://farm8.staticflickr.com/7147/6402233425_fd6bfdd146.jpg;Friday Night Sunset
0;0.875;crotchety;http://farm8.staticflickr.com/7016/6399570237_b56f238bd1.jpg;The Cat
0;0.875;crotchety;http://farm8.staticflickr.com/7156/6399581379_35b8230a2a.jpg;The Cat Ignores Dinner
0;0.875;crotchety;http://farm7.staticflickr.com/6227/6394725357_640dfc38de.jpg;Thanksgiving Sunrise
0;0.875;crotchety;http://farm8.staticflickr.com/7004/6399571721_6d60423df9.jpg;Thanksgiving Day Means Wine in the Shower
0;0.875;crotchety;http://farm8.staticflickr.com/7033/6399576881_7dc414c7fa.jpg;Guests Relax After Dinner
0;0.875;crotchety;http://farm8.staticflickr.com/7026/6399573649_3a44593f2a.jpg;Appetizers
0;0.875;crotchety;http://farm7.staticflickr.com/6096/6391999683_2a63b201ef.jpg;Josh
0;0.875;crotchety;http://farm8.staticflickr.com/7162/6399575249_64c4822530.jpg;Foods!
0;0.875;crotchety;http://farm7.staticflickr.com/6112/6399578413_ac68153132.jpg;Dining Room
0;0.875;crotchety;http://farm8.staticflickr.com/7158/6399579833_9e2bdc2e55.jpg;This made sense at the time
0;0.875;crotchety;http://farm9.staticflickr.com/8237/8522765214_ae5cf22edd.jpg;Crotchety
0;0.875;crotchety;http://farm6.staticflickr.com/5173/5550034655_aedb10da01_m.jpg;crotchety
0;0.875;crotchety;http://farm6.staticflickr.com/5298/5549641375_26702d8c38.jpg;crotchety
0;0.875;crotchety;http://farm6.staticflickr.com/5057/5550031375_9b3d9f05cc_m.jpg;crotchety
0;0.875;pitying;http://farm4.staticflickr.com/3282/3044674176_84090c2bf8.jpg;pity
0;0.875;pitying;http://farm9.staticflickr.com/8045/8112883049_31d310c9ce.jpg;pity
0;0.875;pitying;http://farm8.staticflickr.com/7251/8151768098_02bdc8c2e6.jpg;Pity Party @ FEST 11 10.28.12-69
0;0.875;pitying;http://farm3.staticflickr.com/2180/2263002910_b53b1199fb.jpg;Pity Me
0;0.875;pitying;http://farm3.staticflickr.com/2118/2373009779_3599e37dfa.jpg;Pity
0;0.875;pitying;http://farm3.staticflickr.com/2311/2311686630_f2f36d9ea2_z.jpg;Pity
0;0.875;pitying;http://farm3.staticflickr.com/2856/8762680772_da637ffc49.jpg;Pity Sex // Long Island, NY
0;0.875;pitying;http://farm4.staticflickr.com/3210/3080256809_0e94f5cf26.jpg;Pity Me
0;0.875;pitying;http://farm8.staticflickr.com/7249/8151753916_54e82bd547.jpg;Pity Party @ FEST 11 10.28.12-10
0;0.875;pitying;http://farm8.staticflickr.com/7131/8151736559_49e9dfb055.jpg;Pity Party @ FEST 11 10.28.12-46
0;0.875;pitying;http://farm9.staticflickr.com/8343/8151767314_1dff4675f1.jpg;Pity Party @ FEST 11 10.28.12-65
0;0.875;pitying;http://farm8.staticflickr.com/7123/8151738485_0a6f91dc14.jpg;Pity Party @ FEST 11 10.28.12-53
0;0.875;pitying;http://farm8.staticflickr.com/7278/8151736891_29a08b69d4.jpg;Pity Party @ FEST 11 10.28.12-47
0;0.875;pitying;http://farm8.staticflickr.com/7277/8151733267_5b713134e5.jpg;Pity Party @ FEST 11 10.28.12-33
0;0.875;pitying;http://farm8.staticflickr.com/7270/8151752870_a213a0f5d8.jpg;Pity Party @ FEST 11 10.28.12-5
0;0.875;pitying;http://farm9.staticflickr.com/8338/8151741509_a5c18f1940.jpg;Pity Party @ FEST 11 10.28.12-68
0;0.875;pitying;http://farm8.staticflickr.com/7132/8151761810_9586c909fa.jpg;Pity Party @ FEST 11 10.28.12-41
0;0.875;pitying;http://farm9.staticflickr.com/8347/8151760680_30715e0882.jpg;Pity Party @ FEST 11 10.28.12-36
0;0.875;pitying;http://farm8.staticflickr.com/7264/8151726965_915180e62e.jpg;Pity Party @ FEST 11 10.28.12-7
0;0.875;pitying;http://farm9.staticflickr.com/8064/8151752704_bcc3611fd1.jpg;Pity Party @ FEST 11 10.28.12-4
0;0.875;pitying;http://farm9.staticflickr.com/8209/8151732205_784622596a.jpg;Pity Party @ FEST 11 10.28.12-29
0;0.875;pitying;http://farm8.staticflickr.com/7125/8151758238_ff15882e0a.jpg;Pity Party @ FEST 11 10.28.12-27
0;0.875;pitying;http://farm9.staticflickr.com/8062/8151754104_c00d3ee311.jpg;Pity Party @ FEST 11 10.28.12-11
0;0.875;pitying;http://farm8.staticflickr.com/7108/8151752268_d651cb09a2.jpg;Pity Party @ FEST 11 10.28.12-1
0;0.875;pitying;http://farm8.staticflickr.com/7125/8151732491_2b30d762e8.jpg;Pity Party @ FEST 11 10.28.12-30
0;0.875;pitying;http://farm9.staticflickr.com/8068/8151739177_13c68cc278.jpg;Pity Party @ FEST 11 10.28.12-56
0;0.875;pitying;http://farm9.staticflickr.com/8343/8151733025_599c5b4df9.jpg;Pity Party @ FEST 11 10.28.12-32
0;0.875;pitying;http://farm8.staticflickr.com/7273/8151729735_a4c5fe69ee.jpg;Pity Party @ FEST 11 10.28.12-20
0;0.875;pitying;http://farm9.staticflickr.com/8068/8151726779_a646b244c0.jpg;Pity Party @ FEST 11 10.28.12-6
0;0.875;pitying;http://farm9.staticflickr.com/8199/8151768298_921c9b244d.jpg;Pity Party @ FEST 11 10.28.12-70
0;0.875;pitying;http://farm9.staticflickr.com/8204/8151764218_820641292f.jpg;Pity Party @ FEST 11 10.28.12-51
0;0.875;pitying;http://farm8.staticflickr.com/7132/8151726139_24211b2176.jpg;Pity Party @ FEST 11 10.28.12-2
0;0.875;pitying;http://farm8.staticflickr.com/7249/8151763546_8d2f955e95.jpg;Pity Party @ FEST 11 10.28.12-48
0;0.875;pitying;http://farm9.staticflickr.com/8064/8151755030_5e520faf86.jpg;Pity Party @ FEST 11 10.28.12-15
0;0.875;pitying;http://farm8.staticflickr.com/7277/8151739357_4b7a2e63e2.jpg;Pity Party @ FEST 11 10.28.12-57
0;0.875;pitying;http://farm8.staticflickr.com/7120/8151754768_aab7008b79.jpg;Pity Party @ FEST 11 10.28.12-14
0;0.875;pitying;http://farm9.staticflickr.com/8067/8151763994_2de4577217.jpg;Pity Party @ FEST 11 10.28.12-50
0;0.875;pitying;http://farm9.staticflickr.com/8068/8151735425_31a532de9d.jpg;Pity Party @ FEST 11 10.28.12-42
0;0.875;pitying;http://farm9.staticflickr.com/8484/8151759374_df0ae125db.jpg;Pity Party @ FEST 11 10.28.12-31
0;0.875;pitying;http://farm9.staticflickr.com/8208/8151761592_187d3082e5.jpg;Pity Party @ FEST 11 10.28.12-40
0;0.875;pitying;http://farm9.staticflickr.com/8490/8151739779_252c1af4b4.jpg;Pity Party @ FEST 11 10.28.12-59
0;0.875;pitying;http://farm8.staticflickr.com/7253/8151765966_8d83653e5e.jpg;Pity Party @ FEST 11 10.28.12-58
0;0.875;pitying;http://farm8.staticflickr.com/7119/8151767696_f54c99b6a9.jpg;Pity Party @ FEST 11 10.28.12-67
0;0.875;pitying;http://farm8.staticflickr.com/7126/8151728181_e576978dc3.jpg;Pity Party @ FEST 11 10.28.12-13
0;0.875;pitying;http://farm8.staticflickr.com/7128/8151740797_bf4949850b.jpg;Pity Party @ FEST 11 10.28.12-64
0;0.875;pitying;http://farm8.staticflickr.com/7273/8151765048_d96802c0b5.jpg;Pity Party @ FEST 11 10.28.12-54
0;0.875;pitying;http://farm9.staticflickr.com/8340/8151736291_b06a792722.jpg;Pity Party @ FEST 11 10.28.12-45
0;0.875;pitying;http://farm8.staticflickr.com/7275/8151762258_07b0a05b70.jpg;Pity Party @ FEST 11 10.28.12-43
0;0.875;pitying;http://farm9.staticflickr.com/8485/8151738975_d6d7099d81.jpg;Pity Party @ FEST 11 10.28.12-55
0;0.875;pitying;http://farm9.staticflickr.com/8203/8151764516_5ac39c2083.jpg;Pity Party @ FEST 11 10.28.12-52
0;0.875;pitying;http://farm5.staticflickr.com/4061/4701071043_f9aeff29af.jpg;Pity
0;0.875;dreck;http://farm4.staticflickr.com/3555/3444944416_02c3324e70.jpg;Happy im "Dreck"...
0;0.875;dreck;http://farm4.staticflickr.com/3770/8975525952_6341b21c9f.jpg;for Dreck Mag
0;0.875;dreck;http://farm4.staticflickr.com/3806/8975525474_4968e246e9.jpg;for Dreck Mag
0;0.875;dreck;http://farm4.staticflickr.com/3697/8974331669_99eabb7780.jpg;for Dreck Mag
0;0.875;dreck;http://farm8.staticflickr.com/7319/8975524162_57a6a97be8.jpg;for Dreck Mag
0;0.875;dreck;http://farm3.staticflickr.com/2839/8975524754_6e9ca53a6f.jpg;for Dreck Mag
0;0.875;dreck;http://farm4.staticflickr.com/3746/8974332885_161a88bc7f.jpg;for Dreck Mag
0;0.875;dreck;http://farm4.staticflickr.com/3750/8975523906_52b5950467.jpg;for Dreck Mag
0;0.875;dreck;http://farm7.staticflickr.com/6016/5995612720_aea934c17c.jpg;dreck 
0;0.875;dreck;http://farm7.staticflickr.com/6014/5922465497_7680260011.jpg;Dreck
0;0.875;dreck;http://farm4.staticflickr.com/3550/3412337840_77da4a7967.jpg;Dreck-weg-Tag in Erkrath am 04.04.2009
0;0.875;dreck;http://farm3.staticflickr.com/2774/4349466016_c9e94b4cd3.jpg;Dreck crop_9600
0;0.875;dreck;http://farm7.staticflickr.com/6140/5954323082_be9042a930.jpg;Bühnenbild "Dreck"
0;0.875;dreck;http://farm7.staticflickr.com/6146/5953765133_4dc2089c1e.jpg;Bühnenbild "Dreck"
0;0.875;dreck;http://farm4.staticflickr.com/3271/2554402924_f8c4a90b6a.jpg;Dreck!  Sign in Durlach - Karlsruhe
0;0.875;dreck;http://farm5.staticflickr.com/4088/5009546836_6c303649d6.jpg;2549 Schweine wühlen im Dreck / Schweinestall im Museumsdorf Volksdorf.
0;0.875;dreck;http://farm4.staticflickr.com/3642/3414469408_6729d946f4.jpg;Dreck
0;0.875;dreck;http://farm5.staticflickr.com/4080/4930269848_cb49313abc_z.jpg;Antwort: Dreck
0;0.875;dreck;http://farm5.staticflickr.com/4058/4272106262_e8be8c49c8.jpg;Dreck
0;0.875;dreck;http://farm7.staticflickr.com/6007/5995052103_934f20c8a2.jpg;dreck 
0;0.875;dreck;http://farm7.staticflickr.com/6147/5928122976_a15e79a853.jpg;Dreck
0;0.875;dreck;http://farm8.staticflickr.com/7058/7006600828_d288c60400.jpg;Dreck
0;0.875;dreck;http://farm8.staticflickr.com/7151/6703302859_d1d3cdc536.jpg;Dreck
0;0.875;dreck;http://farm4.staticflickr.com/3304/3303165049_8c9115f21d.jpg;Dreck
0;0.875;dreck;http://farm7.staticflickr.com/6139/5952067738_0c443c1f3b.jpg;dreck 2
0;0.875;dreck;http://farm3.staticflickr.com/2385/1614589017_68d102b9ef.jpg;Dreck
0;0.875;dreck;http://farm4.staticflickr.com/3278/2423474047_8414e531c7.jpg;Dreck
0;0.875;dreck;http://farm7.staticflickr.com/6107/6283852017_a2336a11b9_z.jpg;Dreck
0;0.875;dreck;http://farm1.staticflickr.com/37/83240577_5379ee5fb0.jpg;Dreck Merchants
0;0.875;dreck;http://farm3.staticflickr.com/2548/3883359047_aba7180af0.jpg;dreck...
0;0.875;dreck;http://farm9.staticflickr.com/8495/8262243791_3f7797df2e.jpg;dreck.
0;0.875;dreck;http://farm9.staticflickr.com/8153/7630920070_17879ca3dd.jpg;Drecks-Sommer
0;0.875;dreck;http://farm4.staticflickr.com/3246/2909946425_56a0b62ed8.jpg;Dreck 13
0;0.875;dreck;http://farm4.staticflickr.com/3011/2286134381_0d63ae8fb6.jpg;Dreck- Zohar Board
0;0.875;dreck;http://farm3.staticflickr.com/2050/2286924422_6b49e7d55a.jpg;Dreck- James Board
0;0.875;dreck;http://farm3.staticflickr.com/2095/2286917744_37fca79860.jpg;Dreck- Arik Board
0;0.875;dreck;http://farm3.staticflickr.com/2414/2286133385_abe98a572d.jpg;Dreck- Golda Board
0;0.875;dreck;http://farm3.staticflickr.com/2100/2286131991_6ee10d9702.jpg;Dreck- Rorschach Board
0;0.875;dreck;http://farm4.staticflickr.com/3132/2539759622_a391d8a090.jpg;Dreck Zack
0;0.875;dreck;http://farm1.staticflickr.com/100/270428808_b728e1c6c1_z.jpg?zz=1;DRECK IM ZUG
0;0.875;dreck;http://farm1.staticflickr.com/27/51019926_0890c2dec6.jpg;dreck poster
0;0.875;dreck;http://farm3.staticflickr.com/2091/2286128871_8f5e8a6f24.jpg;Dreck-Tribute To Kreator 2008
0;0.875;dreck;http://farm3.staticflickr.com/2321/2286135783_e1ede22e6c.jpg;Dreck-Tribute To Kreator 1992
0;0.875;dreck;http://farm4.staticflickr.com/3606/3409140912_e9958d7757.jpg;Dreck-weg-Tag 2009
0;0.875;dreck;http://farm4.staticflickr.com/3644/3409139260_65231f778d.jpg;Dreck-weg-Tag 2009
0;0.875;dreck;http://farm4.staticflickr.com/3413/3409141090_34e7394458.jpg;Dreck-weg-Tag 2009
0;0.875;dreck;http://farm4.staticflickr.com/3640/3408331359_9d131dfaab.jpg;Dreck-weg-Tag 2009
0;0.875;dreck;http://farm4.staticflickr.com/3543/3409139438_5e829df978.jpg;Dreck-weg-Tag 2009
0;0.875;dreck;http://farm4.staticflickr.com/3145/3408331979_6edf4c8c0e.jpg;Dreck-weg-Tag 2009
0;0.875;dreck;http://farm4.staticflickr.com/3333/3409140682_b43c65673f.jpg;Dreck-weg-Tag 2009
0;0.875;dreck;http://farm4.staticflickr.com/3631/3409140108_638fa7e227.jpg;Dreck-weg-Tag 2009
0;0.875;notorious;http://farm4.staticflickr.com/3136/2869514546_aaabed7626.jpg;Notorious!
0;0.875;notorious;http://farm4.staticflickr.com/3215/4567620956_900e44eb9f.jpg;Notorious
0;0.875;notorious;http://farm5.staticflickr.com/4035/4606560052_9061813043.jpg;Notorious P.I.G
0;0.875;notorious;http://farm5.staticflickr.com/4118/4810774901_e3c1e55348.jpg;Notorious Coo rippin it
0;0.875;notorious;http://farm6.staticflickr.com/5103/5619919828_f289e79879.jpg;Notorious Motoring Presents Mustang Transformation
0;0.875;notorious;http://farm6.staticflickr.com/5188/5619920450_18ace52cde.jpg;Notorious Motoring presents Matte Black Collection 
0;0.875;notorious;http://farm8.staticflickr.com/7056/6908716925_ae6425864e.jpg;Notorious No2
0;0.875;notorious;http://farm6.staticflickr.com/5459/6953062638_9e294086d3.jpg;Notorious Flyer
0;0.875;notorious;http://farm5.staticflickr.com/4109/5026769522_f5334d6fd8.jpg;Notorious IBE
0;0.875;notorious;http://farm5.staticflickr.com/4092/5026754406_cd8a24e3ec.jpg;Notorious IBE
0;0.875;notorious;http://farm5.staticflickr.com/4151/5026759646_37d16a07ba.jpg;Notorious IBE
0;0.875;notorious;http://farm5.staticflickr.com/4127/5026765184_3000a75be6.jpg;Notorious IBE
0;0.875;notorious;http://farm5.staticflickr.com/4085/5026154209_2525b785d6.jpg;Notorious IBE
0;0.875;notorious;http://farm5.staticflickr.com/4126/5026742372_eef1f18d6a.jpg;Notorious IBE
0;0.875;notorious;http://farm5.staticflickr.com/4105/5026127961_d367d82464.jpg;Notorious IBE
0;0.875;notorious;http://farm5.staticflickr.com/4086/5026146957_0cfd214813_z.jpg;Notorious IBE
0;0.875;notorious;http://farm5.staticflickr.com/4129/5026141143_7f2ff50194.jpg;Notorious IBE
0;0.875;notorious;http://farm5.staticflickr.com/4148/5026758206_96bdc73bbf.jpg;Notorious IBE
0;0.875;notorious;http://farm5.staticflickr.com/4089/5026139189_be30e3b2a8.jpg;Notorious IBE
0;0.875;notorious;http://farm5.staticflickr.com/4091/5026156155_3d960cd06b_z.jpg;Notorious IBE
0;0.875;notorious;http://farm5.staticflickr.com/4084/5026164385_2ef746c3a4.jpg;Notorious IBE
0;0.875;notorious;http://farm5.staticflickr.com/4110/5026749094_5ff7c5cba1.jpg;Notorious IBE
0;0.875;notorious;http://farm5.staticflickr.com/4089/5026137273_b5b3b3e561.jpg;Notorious IBE
0;0.875;notorious;http://farm5.staticflickr.com/4087/5026782050_6fb59efc1b.jpg;Notorious IBE
0;0.875;notorious;http://farm5.staticflickr.com/4113/5026139661_3bebaa65d6.jpg;Notorious IBE
0;0.875;notorious;http://farm5.staticflickr.com/4107/5026760446_5183bfb6a2.jpg;Notorious IBE
0;0.875;notorious;http://farm5.staticflickr.com/4147/5026164813_1b9a542f71.jpg;Notorious IBE
0;0.875;notorious;http://farm5.staticflickr.com/4113/5026137721_60283c707f.jpg;Notorious IBE
0;0.875;notorious;http://farm5.staticflickr.com/4112/5026759142_8d13e77d4d.jpg;Notorious IBE
0;0.875;notorious;http://farm5.staticflickr.com/4112/5026180061_bf9587c3c5.jpg;Notorious IBE
0;0.875;notorious;http://farm5.staticflickr.com/4132/5026134171_10ddc3856a.jpg;Notorious IBE
0;0.875;notorious;http://farm5.staticflickr.com/4130/5026125489_ae27cf1a36.jpg;Notorious IBE
0;0.875;notorious;http://farm5.staticflickr.com/4130/5026145077_027070a0d0.jpg;Notorious IBE
0;0.875;notorious;http://farm5.staticflickr.com/4126/5026177739_e61a9342f8.jpg;Notorious IBE
0;0.875;notorious;http://farm5.staticflickr.com/4107/5026136661_80cb074d77.jpg;Notorious IBE
0;0.875;notorious;http://farm5.staticflickr.com/4086/5026745876_9399ca1e9a.jpg;Notorious IBE
0;0.875;notorious;http://farm8.staticflickr.com/7190/6914751428_af18440e70_z.jpg;Notorious
0;0.875;notorious;http://farm9.staticflickr.com/8361/8267734959_617b779c4d.jpg;notorious performance zapata
0;0.875;notorious;http://farm9.staticflickr.com/8068/8268818748_145d0e6250.jpg;notorious performance zapata
0;0.875;notorious;http://farm3.staticflickr.com/2412/2158751585_c8a2350a46.jpg;Notorious
0;0.875;notorious;http://farm6.staticflickr.com/5272/7173838912_08ca3a519f.jpg;Notorious B.I.G.
0;0.875;notorious;http://farm4.staticflickr.com/3303/3209058582_02212a8c31.jpg;notorious
0;0.875;notorious;http://farm5.staticflickr.com/4006/4686569796_86b6150b72.jpg;Notorious (1946) - lobby card
0;0.875;notorious;http://farm5.staticflickr.com/4070/4686568614_294d5b47b3.jpg;Notorious (1946) - lobby card
0;0.875;notorious;http://farm5.staticflickr.com/4058/4685938891_1f02427421.jpg;Notorious (1946) - lobby card
0;0.875;notorious;http://farm2.staticflickr.com/1301/4685935179_e4c95821d1.jpg;Notorious (1946) - lobby card
0;0.875;notorious;http://farm5.staticflickr.com/4102/4764189641_597379d14c.jpg;Notorious (1946) - press book
0;0.875;notorious;http://farm5.staticflickr.com/4062/4692562087_7796c87e10.jpg;Notorious (1946) - press book
0;0.875;notorious;http://farm4.staticflickr.com/3409/3206501298_3ec5f63fe6.jpg;Notorious
0;0.875;notorious;http://farm7.staticflickr.com/6073/6108905554_18132d75cc.jpg;Notorious P.I.G.
0;0.875;notorious;http://farm5.staticflickr.com/4138/4811426792_a5d96f470b.jpg;Notorious Coo
0;0.875;shlock;http://farm4.staticflickr.com/3152/2646513446_4bdd1c2822.jpg;Woodworks
0;0.875;shlock;http://farm2.staticflickr.com/1224/5161286545_2871fa433a_z.jpg;In a Dry Environment
0;0.875;shlock;http://farm4.staticflickr.com/3366/3598049373_1898639a20.jpg;2009-05-17 NT
0;0.875;shlock;http://farm7.staticflickr.com/6221/6329784298_0f3811b366.jpg;Shlock shlock
0;0.875;shlock;http://farm4.staticflickr.com/3101/2328026111_20c7dbb8cc.jpg;2008-03-08 Flesh for fantasy
0;0.875;shlock;http://farm3.staticflickr.com/2168/2328843420_efb0b18f4d.jpg;2008-03-08 Good taste ist timeless - Mireille & Patrick
0;0.875;shlock;http://farm9.staticflickr.com/8471/8102995370_15f6099012.jpg;shlock shlock shlock
0;0.875;shlock;http://farm9.staticflickr.com/8054/8102982787_80cdcb1818.jpg;shlock shlock shlock
0;0.875;shlock;http://farm2.staticflickr.com/1385/871564349_9a0576df7a.jpg;resting place
0;0.875;shlock;http://farm4.staticflickr.com/3155/2566608525_7dce2a9ea8.jpg;Shlock Corridor
0;0.875;shlock;http://farm5.staticflickr.com/4039/5132933446_c7f997b873.jpg;Shlock Rock Concert
0;0.875;shlock;http://farm4.staticflickr.com/3451/3358751940_88c8fedd58.jpg;shlock shop
0;0.875;shlock;http://farm1.staticflickr.com/87/253069632_f783c55247.jpg;Shlock For Sale!
0;0.875;shlock;http://farm4.staticflickr.com/3233/2937219610_c178ef7753.jpg;Monsters of Shlock
0;0.875;shlock;http://farm4.staticflickr.com/3226/2936271867_5a06f42a2e.jpg;Monsters of Shlock
0;0.875;shlock;http://farm4.staticflickr.com/3048/2936304531_27b987dc11.jpg;Monsters of Shlock
0;0.875;shlock;http://farm1.staticflickr.com/83/276451764_3ea78a4347_z.jpg;Choose Your Color(s)
0;0.875;shlock;http://farm4.staticflickr.com/3041/2958358267_425dd8226f.jpg;newrushmore
0;0.875;shlock;http://farm1.staticflickr.com/196/489185962_a204cb2d7e.jpg;baker street
0;0.875;shlock;http://farm7.staticflickr.com/6133/5962246181_02c06642ee.jpg;shlock
0;0.875;shlock;http://farm3.staticflickr.com/2168/2493343226_28d51db6a6.jpg;Shlock
0;0.875;shlock;http://farm8.staticflickr.com/7251/7420754166_0e054eb6c0_z.jpg;Quite the Combination!
0;0.875;shlock;http://farm4.staticflickr.com/3024/2937182086_7b08a49167.jpg;Bloody Betty
0;0.875;shlock;http://farm4.staticflickr.com/3278/2937182066_57f7dd51a1.jpg;Bloody Betty
0;0.875;shlock;http://farm4.staticflickr.com/3194/2937182056_647f441585.jpg;Bloody Betty
0;0.875;shlock;http://farm8.staticflickr.com/7044/6831839100_f86495ca13.jpg;Hamm on Kardashian
0;0.875;shlock;http://farm3.staticflickr.com/2003/2231512043_6630b72404.jpg;The Masterpiece of the Shamrock and Thistle--the ultimate in schlock
0;0.875;shlock;http://farm3.staticflickr.com/2375/3597280049_444b06316c.jpg;2009-05-17 Featureless mirroring
0;0.875;shlock;http://farm4.staticflickr.com/3309/3598860348_3e35e8d73c.jpg;2009-05-17 Smile
0;0.875;shlock;http://farm1.staticflickr.com/101/280280638_fcc769dc66.jpg;Okay, look, I take back everything bad I said about British culture
0;0.875;shlock;http://farm9.staticflickr.com/8331/8102983459_4a1448544c.jpg;shlock shlock shlock
0;0.875;shlock;http://farm4.staticflickr.com/3585/3559139581_70d9d28a17.jpg;353/365 # Unleash the beast
0;0.875;shlock;http://farm3.staticflickr.com/2235/2133591876_fa26ca9602.jpg;Shlock Rock
0;0.875;shlock;http://farm9.staticflickr.com/8183/8447602270_75a410919f.jpg;Shlock Horror
0;0.875;shlock;http://farm3.staticflickr.com/2324/2133591912_6169906075.jpg;Shlock Rock
0;0.875;shlock;http://farm2.staticflickr.com/1317/5132931902_e05088bbcb.jpg;Shlock Rock Concert
0;0.875;shlock;http://farm2.staticflickr.com/1181/5132932204_d165cca8fb.jpg;Shlock Rock Concert
0;0.875;shlock;http://farm3.staticflickr.com/2171/2143802594_82755cddac_z.jpg;Shlock of the new
0;0.875;shlock;http://farm9.staticflickr.com/8461/8051648535_89920c0735.jpg;Shlock nr St Mark's Square
0;0.875;shlock;http://farm8.staticflickr.com/7190/7123266517_a84869a4df.jpg;Spleezay Shlock
0;0.875;shlock;http://farm1.staticflickr.com/53/178023755_4183fb8656.jpg;tourist shlock
0;0.875;shlock;http://farm1.staticflickr.com/102/305304504_c594733ba4.jpg;Future shlock
0;0.875;shlock;http://farm4.staticflickr.com/3334/3621443732_21161c8be4.jpg;Vampire shlock
0;0.875;shlock;http://farm1.staticflickr.com/99/280238729_cb7bac112d.jpg;rock shlock
0;0.875;shlock;http://farm1.staticflickr.com/63/207696433_da6d1c0ec3.jpg;Movie poster shlock
0;0.875;shlock;http://farm1.staticflickr.com/75/195015212_7408eea3e4.jpg;Rest-stop shlock
0;0.875;shlock;http://farm7.staticflickr.com/6153/6216528366_121e7873e1.jpg;with Shlock @ Mindchamps o Children's Day
0;0.875;shlock;http://farm8.staticflickr.com/7011/6813235299_0c90257a54.jpg;another shlock film by hack actor Ed Harris  
0;0.875;shlock;http://farm9.staticflickr.com/8304/7960182162_07db2d9d7c.jpg;Porcelaintoy - Electric Shlock Lenscraft Photography
0;0.875;shlock;http://farm9.staticflickr.com/8042/7960181982_ba021c2ed8.jpg;Porcelaintoy - Electric Shlock Medusa. Lenscraft Photography
0;0.875;shlock;http://farm9.staticflickr.com/8295/7960180892_b514ce79c0.jpg;Porcelaintoy - Electric Shlock Medusa. Alexis Aware Photography
0;0.875;incongruity;http://farm3.staticflickr.com/2112/1638649872_44ef293e8f_z.jpg;Incongruities
0;0.875;incongruity;http://farm9.staticflickr.com/8480/8240871700_98ec27d50b.jpg;Incongruity
0;0.875;incongruity;http://farm4.staticflickr.com/3418/3250349989_27fc7643f5.jpg;Incongruity
0;0.875;incongruity;http://farm4.staticflickr.com/3386/3280092108_25f44c5a0d_z.jpg;Incongruity
0;0.875;incongruity;http://farm3.staticflickr.com/2457/3974044431_d6b83aa999_z.jpg;Incongruity
0;0.875;incongruity;http://farm5.staticflickr.com/4032/5157865918_ea22a3477f.jpg;Incongruity
0;0.875;incongruity;http://farm3.staticflickr.com/2584/4124571686_59bce8f471.jpg;Incongruities
0;0.875;incongruity;http://farm3.staticflickr.com/2697/4170166629_d8c9aedff3.jpg;Incongruity
0;0.875;incongruity;http://farm6.staticflickr.com/5308/5650542979_5cdaf58398.jpg;Incongruities
0;0.875;incongruity;http://farm4.staticflickr.com/3352/3425739481_dda32335c2.jpg;Incongruity
0;0.875;incongruity;http://farm9.staticflickr.com/8189/8426553542_d99a857e41_z.jpg;Incongruity: EXPLORED
0;0.875;incongruity;http://farm1.staticflickr.com/150/338842760_7c7b7c7dab.jpg;incongruity // three hundred sixty-five one
0;0.875;incongruity;http://farm4.staticflickr.com/3075/2658170507_ca10c29dc4.jpg;architectural incongruity
0;0.875;incongruity;http://farm3.staticflickr.com/2373/2132465536_fc996bef2a.jpg;the incongruities
0;0.875;incongruity;http://farm8.staticflickr.com/7165/6578195175_871731d333.jpg;— RelativitY or Incongruity???
0;0.875;incongruity;http://farm6.staticflickr.com/5025/5805506599_26a870a275_z.jpg;365 Tigrikorn Day 145: Incongruity
0;0.875;incongruity;http://farm5.staticflickr.com/4090/4832004612_8e6068b166_z.jpg;Donegall Road incongruity
0;0.875;incongruity;http://farm5.staticflickr.com/4127/4832000960_7f801b0816.jpg;Donegall Road incongruity
0;0.875;incongruity;http://farm2.staticflickr.com/1005/5185670576_34fdfa3f97.jpg;First Frost - Incongruity - Caution Contents May Be Hot
0;0.875;incongruity;http://farm4.staticflickr.com/3805/9018411194_1c811fb2f8.jpg;Rural  refinery production
0;0.875;incongruity;http://farm4.staticflickr.com/3529/3699269544_6e2d31619f.jpg;Façade
0;0.875;incongruity;http://farm7.staticflickr.com/6085/6111973304_1a3ddbf625.jpg;Old Tin Shack
0;0.875;incongruity;http://farm5.staticflickr.com/4058/4629361449_99d7e93b67.jpg;Spirit Deer
0;0.875;incongruity;http://farm3.staticflickr.com/2630/3747287402_ac91de3874.jpg;Coexistence
0;0.875;incongruity;http://farm4.staticflickr.com/3039/2937305627_ced8c06bc5.jpg;Public deprivation, private affluence at P..kl..ds High School
0;0.875;incongruity;http://farm9.staticflickr.com/8224/8291540932_f8a01a3b7a.jpg;Incongruity (That's a Maserati outside the head shop)
0;0.875;incongruity;http://farm3.staticflickr.com/2207/2233464877_e40af198d4.jpg;The Height of Luxury
0;0.875;incongruity;http://farm9.staticflickr.com/8120/8640428054_e5d579a430.jpg;incongruity 02 - 2013-04-09
0;0.875;incongruity;http://farm1.staticflickr.com/35/103309923_c140296d03.jpg;DeGustibusNon
0;0.875;incongruity;http://farm5.staticflickr.com/4023/4630506614_a82a77403c.jpg;Star Migration
0;0.875;incongruity;http://farm4.staticflickr.com/3270/5866938636_ec06c8a84d_z.jpg;There's always one
0;0.875;incongruity;http://farm2.staticflickr.com/1214/1487164205_fd3b376251.jpg;Pilot
0;0.875;incongruity;http://farm2.staticflickr.com/1377/5161837869_18f14d1627.jpg;A Red Phone Booth at the Beach
0;0.875;incongruity;http://farm8.staticflickr.com/7256/6974391088_81deb5cec3.jpg;Two Mugs
0;0.875;incongruity;http://farm3.staticflickr.com/2581/5783617954_5cd748592b.jpg;La sinistra ha incongruenze simmetriche
0;0.875;incongruity;http://farm3.staticflickr.com/2422/3771695446_0b987e4bcc.jpg;Irony
0;0.875;incongruity;http://farm4.staticflickr.com/3314/3337349748_aa8eef908b.jpg;Incongruity #1 - Bangkok, city of angels
0;0.875;incongruity;http://farm4.staticflickr.com/3352/3337349762_e6b23844ff.jpg;Incongruity #2" - Bangkok, city of angels
0;0.875;incongruity;http://farm4.staticflickr.com/3610/3392452617_e624b38325.jpg;Incongruity in St Ives!
0;0.875;incongruity;http://farm7.staticflickr.com/6146/6005649401_6598e5cd1b.jpg;Incongruity thy name is Pushkar!
0;0.875;incongruity;http://farm8.staticflickr.com/7103/7301962778_fabe3d92b5.jpg;Incongruity; Metzger Marsh State Wildlife Area; OH [Lou Feltz]
0;0.875;incongruity;http://farm3.staticflickr.com/2644/3907123379_35363aef7c.jpg;J
0;0.875;incongruity;http://farm1.staticflickr.com/6/6681681_3a3384091d.jpg;dolphin cow h2o jump
0;0.875;incongruity;http://farm4.staticflickr.com/3294/2761755942_56bbdf0936_z.jpg?zz=1;Hitched
0;0.875;incongruity;http://farm7.staticflickr.com/6070/6101621785_1fdcdc91fd.jpg;243|365 Moderate Incongruity
0;0.875;incongruity;http://farm1.staticflickr.com/170/367000767_4ac64c763e.jpg;incongruities1
0;0.875;incongruity;http://farm1.staticflickr.com/130/367000645_c1cd64ad32.jpg;incongruities2
0;0.875;incongruity;http://farm4.staticflickr.com/3006/2979951996_89e3da822c_z.jpg?zz=1;Vertical Alignment Incongruity
0;0.875;incongruity;http://farm7.staticflickr.com/6010/5981424441_4116cfd526.jpg;Geometry Incongruity; Santa Fe National Forest, NM, Thompson Ridge [Lou Feltz]
0;0.875;incongruity;http://farm1.staticflickr.com/53/109304988_b639464265.jpg;cosmo
0;0.875;incongruity;http://farm4.staticflickr.com/3627/3420122529_ff92ccb93a.jpg;engine-bubble
0;0.875;regrettably;http://farm8.staticflickr.com/7431/9057829726_dc01bc35a7.jpg;Things have been regrettably sporadic on...
0;0.875;regrettably;http://farm9.staticflickr.com/8284/7715829800_3edf0147cb.jpg;2011222161734757
0;0.875;regrettably;http://farm8.staticflickr.com/7287/8738116589_f80dcf7e9f.jpg;bootsservice 06 7779 R
0;0.875;regrettably;http://farm9.staticflickr.com/8291/7715829430_0ee46c5a1b.jpg;2011222103758999
0;0.875;regrettably;http://farm9.staticflickr.com/8434/7715829544_dea6f4d296.jpg;2011222115724880
0;0.875;regrettably;http://farm9.staticflickr.com/8293/7715829672_db7afb4211.jpg;2011222151429422
0;0.875;regrettably;http://farm7.staticflickr.com/6203/6052007820_f16a793064.jpg;Sorbettino Lemon
0;0.875;regrettably;http://farm5.staticflickr.com/4046/4577779665_95578fa0b4.jpg;bastard child of Raymond Lull
0;0.875;regrettably;http://farm9.staticflickr.com/8231/8374876789_6896b4a9fd_c.jpg;Like a duck to water
0;0.875;regrettably;http://farm8.staticflickr.com/7121/7715829272_ff6ffeddc7.jpg;2011222174028410
0;0.875;regrettably;http://farm4.staticflickr.com/3124/2591739065_aff1e731d8.jpg;regrettably-yes
0;0.875;regrettably;http://farm9.staticflickr.com/8491/8303496973_9a1a0d0d86.jpg;regrettably not a verbless sentence
0;0.875;regrettably;http://farm7.staticflickr.com/6032/6345235750_37711f2912.jpg;The Space Rocket costume was regrettably too small for my Robot
0;0.875;regrettably;http://farm4.staticflickr.com/3322/4580301109_ff8ccc7845.jpg;red bridge
0;0.875;regrettably;http://farm5.staticflickr.com/4058/4334556264_f8d5b2a25e.jpg;Regrettably sky is dimmed by ....
0;0.875;regrettably;http://farm9.staticflickr.com/8501/8290264874_c32772f532.jpg;This image regrettably isn't mine, nor is it anyones imparticular. It floats around in the food world ;) #foodporn #instacanvas #vegetables #love
0;0.875;regrettably;http://farm4.staticflickr.com/3637/3564721236_6ef9c78dd1.jpg;266/365 - Regrettably Awesome
0;0.875;regrettably;http://farm9.staticflickr.com/8364/8290226046_6b99a00e3c.jpg;This 12' piece, regrettably, is beyond my price range :(
0;0.875;regrettably;http://farm9.staticflickr.com/8314/8025851690_5c8e8d6386.jpg;dusk
0;0.875;regrettably;http://farm2.staticflickr.com/1085/1266757328_0518bdd422.jpg;lessons from my first roll: "possibly too long" was not long enough
0;0.875;regrettably;http://farm3.staticflickr.com/2755/4153664601_8f261b8f36.jpg;spectacular(ly out of focus)
0;0.875;regrettably;http://farm2.staticflickr.com/1268/1338909242_11c26c4ee2.jpg;Regrettably
0;0.875;regrettably;http://farm6.staticflickr.com/5043/5299746848_cb05a935ef.jpg;regrettably,
0;0.875;regrettably;http://farm1.staticflickr.com/51/114821803_50f2ade10f.jpg;Regrettably
0;0.875;regrettably;http://farm3.staticflickr.com/2036/1795623943_782a259dd2.jpg;Regrettably...
0;0.875;regrettably;http://farm4.staticflickr.com/3012/2614516168_373a115bcd.jpg;regrettably...
0;0.875;regrettably;http://farm6.staticflickr.com/5180/5469648216_639fcf93ec.jpg;Regrettably
0;0.875;regrettably;http://farm4.staticflickr.com/3122/2732058957_d2d09c22b1.jpg;Regrettably
0;0.875;regrettably;http://farm3.staticflickr.com/2064/1800883339_ded933c2e8.jpg;assayer
0;0.875;regrettably;http://farm8.staticflickr.com/7015/6795518495_7ea1d3a2fd.jpg;Morning Mist Downtown
0;0.875;regrettably;http://farm6.staticflickr.com/5048/5355985368_a3cabf3e38.jpg;tea party
0;0.875;regrettably;http://farm3.staticflickr.com/2656/3982127226_71c37dc498.jpg;Chocolate remedies adversity.
0;0.875;regrettably;http://farm3.staticflickr.com/2157/2488204325_72a7c69804.jpg;86: Stick a fork in me...
0;0.875;regrettably;http://farm4.staticflickr.com/3353/3171493105_75e5c738d5.jpg;Virgin regrets
0;0.875;regrettably;http://farm4.staticflickr.com/3147/2931004423_816692e8f1.jpg;Obama in Portsmouth
0;0.875;regrettably;http://farm7.staticflickr.com/6074/6109146455_889102dfe2.jpg;Skenfrith Monmouthshire 027
0;0.875;regrettably;http://farm5.staticflickr.com/4013/4474550977_973bae386d.jpg;
0;0.875;regrettably;http://farm8.staticflickr.com/7236/7328768048_c31e16d82a.jpg;Regrettably Cancelled!
0;0.875;regrettably;http://farm7.staticflickr.com/6092/6285269313_09966139ed.jpg;Regrettably nameless.
0;0.875;regrettably;http://farm3.staticflickr.com/2226/2276921850_9e9011a8fb.jpg;regrettably yours 
0;0.875;regrettably;http://farm4.staticflickr.com/3328/3245656356_cc5ea2d352.jpg;Regrettably yes
0;0.875;regrettably;http://farm3.staticflickr.com/2018/1811769763_144a6511aa.jpg;Regrettably - Jagermeister
0;0.875;regrettably;http://farm6.staticflickr.com/5121/5328670488_c460eb2ea3.jpg;Regrettably Full (back)
0;0.875;regrettably;http://farm6.staticflickr.com/5088/5328671932_1336fab8b7.jpg;Regrettably Full (front)
0;0.875;regrettably;http://farm2.staticflickr.com/1344/671520141_b2ccd82d01.jpg;Regrettably Blurry Nikki
0;0.875;regrettably;http://farm4.staticflickr.com/3454/3199915792_032a594bc9.jpg;regrettably not in germany
0;0.875;regrettably;http://farm4.staticflickr.com/3377/3520298754_0a3993ff43_z.jpg;Regrettably defunct Finnish Sauna
0;0.875;regrettably;http://farm5.staticflickr.com/4066/4698942184_1d3b9284ba.jpg;Regrettably, now in ruins. 
0;0.875;regrettably;http://farm4.staticflickr.com/3369/3276987283_ddf31dac3e.jpg;Regrettably, you cannot hear
0;0.875;regrettably;http://farm1.staticflickr.com/103/291329177_5130662b7d.jpg;Regrettably blurry shot # 56
0;0.875;regrettably;http://farm7.staticflickr.com/6092/6350983415_d85a0e4078.jpg;regrettably diesel assistance required
0;0.875;schlock;http://farm5.staticflickr.com/4101/4905515891_72db1f8210.jpg;Halifax International Busker Festival 2010 - Monsters Of Schlock
0;0.875;schlock;http://farm5.staticflickr.com/4094/4905506953_5459754610.jpg;Halifax International Busker Festival 2010 - Monsters Of Schlock
0;0.875;schlock;http://farm5.staticflickr.com/4137/4905519871_8171742b49.jpg;Halifax International Busker Festival 2010 - Monsters Of Schlock
0;0.875;schlock;http://farm5.staticflickr.com/4117/4905515331_f25bb37f0c.jpg;Halifax International Busker Festival 2010 - Monsters Of Schlock
0;0.875;schlock;http://farm5.staticflickr.com/4101/4906094732_7527c137ac.jpg;Halifax International Busker Festival 2010 - Monsters Of Schlock
0;0.875;schlock;http://farm5.staticflickr.com/4096/4905517157_efd19bd7d0.jpg;Halifax International Busker Festival 2010 - Monsters Of Schlock
0;0.875;schlock;http://farm5.staticflickr.com/4118/4906101002_11af1bc275.jpg;Halifax International Busker Festival 2010 - Monsters Of Schlock
0;0.875;schlock;http://farm5.staticflickr.com/4123/4906096742_ef77f55ae5.jpg;Halifax International Busker Festival 2010 - Monsters Of Schlock
0;0.875;schlock;http://farm5.staticflickr.com/4123/4906098754_4fb43cbfe7.jpg;Halifax International Busker Festival 2010 - Monsters Of Schlock
0;0.875;schlock;http://farm5.staticflickr.com/4139/4906104574_d25d8ac115.jpg;Halifax International Busker Festival 2010 - Monsters Of Schlock
0;0.875;schlock;http://farm5.staticflickr.com/4075/4905511115_594e2d9728.jpg;Halifax International Busker Festival 2010 - Monsters Of Schlock
0;0.875;schlock;http://farm5.staticflickr.com/4098/4905512565_81ea97684b.jpg;Halifax International Busker Festival 2010 - Monsters Of Schlock
0;0.875;schlock;http://farm5.staticflickr.com/4117/4906101464_2469ba4fc2.jpg;Halifax International Busker Festival 2010 - Monsters Of Schlock
0;0.875;schlock;http://farm5.staticflickr.com/4096/4905511599_b1dfa81da6.jpg;Halifax International Busker Festival 2010 - Monsters Of Schlock
0;0.875;schlock;http://farm5.staticflickr.com/4123/4905507521_79ce327469.jpg;Halifax International Busker Festival 2010 - Monsters Of Schlock
0;0.875;schlock;http://farm5.staticflickr.com/4101/4906097814_56c765bbca.jpg;Halifax International Busker Festival 2010 - Monsters Of Schlock
0;0.875;schlock;http://farm5.staticflickr.com/4116/4906103062_78a24f776e.jpg;Halifax International Busker Festival 2010 - Monsters Of Schlock
0;0.875;schlock;http://farm5.staticflickr.com/4074/4905513757_338cb1d80c.jpg;Halifax International Busker Festival 2010 - Monsters Of Schlock
0;0.875;schlock;http://farm5.staticflickr.com/4121/4905508099_9c6197a458.jpg;Halifax International Busker Festival 2010 - Monsters Of Schlock
0;0.875;schlock;http://farm4.staticflickr.com/3467/3391863716_56961f3a15.jpg;Monsters of Schlock at the Gladstone Hotel ~ March 27, 2009
0;0.875;schlock;http://farm4.staticflickr.com/3421/3392932809_ce50ac5a9b.jpg;Monsters of Schlock at the Gladstone Hotel ~ March 27, 2009
0;0.875;schlock;http://farm4.staticflickr.com/3654/3391863552_8ed92629b5.jpg;Monsters of Schlock at the Gladstone Hotel ~ March 27, 2009
0;0.875;schlock;http://farm4.staticflickr.com/3448/3391863700_a6102b6ccc.jpg;Monsters of Schlock at the Gladstone Hotel ~ March 27, 2009
0;0.875;schlock;http://farm4.staticflickr.com/3444/3391863564_280c293c3a.jpg;Monsters of Schlock at the Gladstone Hotel ~ March 27, 2009
0;0.875;schlock;http://farm4.staticflickr.com/3653/3391863688_01f0d96df0.jpg;Monsters of Schlock at the Gladstone Hotel ~ March 27, 2009
0;0.875;schlock;http://farm4.staticflickr.com/3580/3391052825_837e99ef7f.jpg;Monsters of Schlock at the Gladstone Hotel ~ March 27, 2009
0;0.875;schlock;http://farm4.staticflickr.com/3591/3391052797_101ca5465b.jpg;Monsters of Schlock at the Gladstone Hotel ~ March 27, 2009
0;0.875;schlock;http://farm4.staticflickr.com/3465/3391863590_3af370c214.jpg;Monsters of Schlock at the Gladstone Hotel ~ March 27, 2009
0;0.875;schlock;http://farm4.staticflickr.com/3607/3391052755_ca3bb98626.jpg;Monsters of Schlock at the Gladstone Hotel ~ March 27, 2009
0;0.875;schlock;http://farm4.staticflickr.com/3467/3391863602_a05a3f4160.jpg;Monsters of Schlock at the Gladstone Hotel ~ March 27, 2009
0;0.875;schlock;http://farm6.staticflickr.com/5019/5541211024_fb23a00137_z.jpg;Schlock
0;0.875;schlock;http://farm6.staticflickr.com/5254/5541211386_e93cea28b7_z.jpg;Schlock
0;0.875;schlock;http://farm4.staticflickr.com/3212/2595912246_9096b25196.jpg;Schlock from "Schlock Mercenary" (3)
0;0.875;schlock;http://farm4.staticflickr.com/3289/2595912094_5fe1f8c12d_z.jpg?zz=1;Schlock from "Schlock Mercenary" (1)
0;0.875;schlock;http://farm4.staticflickr.com/3222/2595912164_a87b415aa5.jpg;Schlock from "Schlock Mercenary" (2)
0;0.875;schlock;http://farm3.staticflickr.com/2060/2209173665_cfdb0d0d53.jpg;SCHLOCK!-SLUT EP COVER
0;0.875;schlock;http://farm3.staticflickr.com/2200/2209967652_1abba8d842.jpg;SCHLOCK!-SLUT REMIX COVER
0;0.875;schlock;http://farm4.staticflickr.com/3227/3048349331_60d8f7291b.jpg;Schlock Cover issue 1 
0;0.875;schlock;http://farm2.staticflickr.com/1030/1434145172_d314a51184.jpg;Schlock Horror
0;0.875;schlock;http://farm5.staticflickr.com/4142/4906097218_8525fddc2b.jpg;Halifax International Busker Festival 2010 - Monsters Of Schlock
0;0.875;schlock;http://farm5.staticflickr.com/4117/4906098310_bbef39602a.jpg;Halifax International Busker Festival 2010 - Monsters Of Schlock
0;0.875;schlock;http://farm5.staticflickr.com/4135/4906102464_3718bd777a.jpg;Halifax International Busker Festival 2010 - Monsters Of Schlock
0;0.875;schlock;http://farm5.staticflickr.com/4134/4905512037_564d84f915.jpg;Halifax International Busker Festival 2010 - Monsters Of Schlock
0;0.875;schlock;http://farm4.staticflickr.com/3551/3391863650_c29c6ecafd.jpg;Monsters of Schlock at the Gladstone Hotel ~ March 27, 2009
0;0.875;schlock;http://farm6.staticflickr.com/5451/6953368722_7fe2e7687b.jpg;Guerrilla Zoo presents Monsters of Schlock Travelling Freakshow
0;0.875;schlock;http://farm6.staticflickr.com/5175/5541211184_3b556ee950_z.jpg;Schlock
0;0.875;schlock;http://farm4.staticflickr.com/3497/3826362613_d608d68319.jpg;Schlock and Nazi
0;0.875;schlock;http://farm1.staticflickr.com/108/268611134_4e40bc6604.jpg;Schlock Mercenary
0;0.875;schlock;http://farm1.staticflickr.com/118/298069162_e084e2399e.jpg;Schlock Night #1 • November
0;0.875;schlock;http://farm2.staticflickr.com/1180/1457274791_949de1b8ba.jpg;Schlock Horror
0;0.875;schlock;http://farm3.staticflickr.com/2236/2118055095_b87efd3990.jpg;Schlock Rock 0174
0;0.875;woeful;http://farm7.staticflickr.com/6225/6350174495_c7e12ff0ac.jpg;[WOEFUL/WEDNESDAY] ANATOMY TATTOO
0;0.875;woeful;http://farm5.staticflickr.com/4124/4971069789_35bf9273bb.jpg;Woeful Wednesday ~A Merry Tea Table~
0;0.875;woeful;http://farm5.staticflickr.com/4080/4928741320_76b03a413d.jpg;Woeful Wednesday HQ Gifty-August
0;0.875;woeful;http://farm5.staticflickr.com/4118/4871293799_e5512cea89.jpg;^v^Woeful Wednesday^v^
0;0.875;woeful;http://farm5.staticflickr.com/4084/4949092317_1559d3482f.jpg;NS-Woeful-Wednesday-Madelin
0;0.875;woeful;http://farm5.staticflickr.com/4102/4882347766_0be77ed17e_z.jpg;__ Squeek__ woeful wednesday stitches
0;0.875;woeful;http://farm5.staticflickr.com/4133/5015982416_812f881532.jpg;Eternal Demise - Woeful Wednesday
0;0.875;woeful;http://farm5.staticflickr.com/4085/5037125915_1871ae9aec_z.jpg;Autumn Harvest Ad - Woeful
0;0.875;woeful;http://farm5.staticflickr.com/4152/4971683418_d6eda938ca.jpg;+++BB+++ Shreds (Woeful Wednesday Item Poster)
0;0.875;woeful;http://farm9.staticflickr.com/8518/8377785312_8a1c725f6f.jpg;Woeful Sunday
0;0.875;woeful;http://farm5.staticflickr.com/4103/5058947646_9926dc9128.jpg;ImmateriA ~Graveyard Collections~  Woeful Wednesday
0;0.875;woeful;http://farm5.staticflickr.com/4137/4904463648_2c586607c8.jpg;{ITH}-Dreary-Dolls-~-Woeful Wednesday
0;0.875;woeful;http://farm5.staticflickr.com/4134/4903874379_da8bb6127a.jpg;ImmateriA ~the Drowning~ Woeful Wednesday
0;0.875;woeful;http://farm5.staticflickr.com/4076/4927292602_37fbeec297.jpg;_C + C_ Gothique - Woeful Wednesday
0;0.875;woeful;http://farm9.staticflickr.com/8497/8376709405_798d526538.jpg;Woeful Sunday
0;0.875;woeful;http://farm5.staticflickr.com/4097/4926697339_e4559a3fd9.jpg;+++BB+++ Morte Bella (Woeful Wednesday Item)
0;0.875;woeful;http://farm5.staticflickr.com/4082/4881736421_6c55995e7f.jpg;=-F'd Up-= Woeful Evan AD
0;0.875;woeful;http://farm5.staticflickr.com/4114/4926696741_6c7beb7756.jpg;Eerie Dead Tree - Woeful Wednesday Ad
0;0.875;woeful;http://farm5.staticflickr.com/4099/4903874585_eab88140e5.jpg;+++BB+++ Poster Lorelei (Woeful Wednesday Item)
0;0.875;woeful;http://farm5.staticflickr.com/4099/4882344764_b063455ca1.jpg;=-F'd Up-= Woeful Kiria AD
0;0.875;woeful;http://farm5.staticflickr.com/4107/4971683376_da3bbda4b2.jpg;Shadow Moon Dancer (Woeful Wed. 50L)
0;0.875;woeful;http://farm5.staticflickr.com/4106/5015373579_e08ae8c98c.jpg;NS-Spinner-Bodice-Woeful Wednesday Ad
0;0.875;woeful;http://farm5.staticflickr.com/4107/5037125861_8f69b1501f.jpg;BLUE BLOOD for Woeful Wednesday -  Dramatic Eye Makeup
0;0.875;woeful;http://farm5.staticflickr.com/4084/5037125839_073bec3cb7.jpg;BLUE BLOOD for Woeful Wednesday - Cute Ocean Monster
0;0.875;woeful;http://farm5.staticflickr.com/4141/4927291934_289c5c7e1a.jpg;ImmateriA ~Dorian Gray Set~ Woeful
0;0.875;woeful;http://farm5.staticflickr.com/4126/5015396501_6aaf117736.jpg;._ WEiRD.DESiGNS _. Faded Lingerie (Woeful Wednesday Item)
0;0.875;woeful;http://farm5.staticflickr.com/4076/4949683094_bf2eb76ddb.jpg;_C + C_ Batty - A Woeful Wednesday Exclusive!
0;0.875;woeful;http://farm5.staticflickr.com/4129/5015982382_c7c8307566.jpg;Meat 'N' More - Bleeder (Woeful Wednesday) (BOXED)
0;0.875;woeful;http://farm5.staticflickr.com/4095/4904464198_efd9698488.jpg;_C + C_ Mrs Lovett (Woeful Wednesday)
0;0.875;woeful;http://farm5.staticflickr.com/4153/4971069813_7c8a21a86b_z.jpg;Complete Witches Set Ad - Woeful Wednesday
0;0.875;woeful;http://farm5.staticflickr.com/4084/5058337025_57cf575f61.jpg;ImmateriA ~Dressed To Kill~ Woeful Wednesday
0;0.875;woeful;http://farm5.staticflickr.com/4087/5016004970_99a45cd0d2.jpg;ImmateriA ~Autumn Solitude Daybed~ Woeful Wednesday
0;0.875;woeful;http://farm5.staticflickr.com/4127/5058333691_2a01aed534.jpg;ImmateriA ~Steel with Style~ Woeful Wednesday
0;0.875;woeful;http://farm5.staticflickr.com/4080/4881729539_67f50b48b4.jpg;ImmateriA ~Dark & Noble Raven~ Woeful Wednesday
0;0.875;woeful;http://farm5.staticflickr.com/4105/5058940234_3f597509dc.jpg;Meat 'N' More - Monster Hands (Woeful Wednesday) (BOXED)
0;0.875;woeful;http://farm5.staticflickr.com/4154/5037743686_f3e69a1b68_z.jpg;Meat 'N' More - Pet Cemetery (Woeful Wednesday Special)
0;0.875;woeful;http://farm5.staticflickr.com/4135/4927292434_b90b467090.jpg;{ITH} O! My Button Eyes (Woeful Fat Pack)
0;0.875;woeful;http://farm5.staticflickr.com/4146/5058323001_3ee062f13e.jpg;The Mad Hattery Voodoo Hat...Woeful Wed. Oct
0;0.875;woeful;http://farm5.staticflickr.com/4131/5034992410_ef3538ce92_z.jpg;Woeful Wednesday Vampyre Series Release - Sept. 29th
0;0.875;woeful;http://farm5.staticflickr.com/4091/4949092099_126ce2aef3.jpg;{ITH} Written in Blood Ensemble (Woeful Wednesday)
0;0.875;woeful;http://farm5.staticflickr.com/4132/5015373513_996ca8d005.jpg;The Mad Hattery's Gentlemens Hat Woeful Wednesday Sept 22
0;0.875;woeful;http://farm5.staticflickr.com/4139/4875907838_881e4262ea.jpg;{ITH}  ^v^Woeful Wednesday ^v^ Susie Scares Crows
0;0.875;woeful;http://farm5.staticflickr.com/4147/4971070269_818fd99d96.jpg;Meat 'N' More - Tripped 'N' Fell (Woeful Wednesday) (BOXED)
0;0.875;woeful;http://farm5.staticflickr.com/4074/4879924881_6bffaa0aaf.jpg;Woeful Wednesday Item (ITH)
0;0.875;woeful;http://farm5.staticflickr.com/4109/5058331751_7707effcec.jpg;ImmateriA ~The Tell Tale Heart Set~  Woeful Wednesday
0;0.875;woeful;http://farm5.staticflickr.com/4083/5015373445_cbe17bdc9b.jpg;The Mad Hattery's Tare Panda Hat Woeful Wednesday Sept 22
0;0.875;woeful;http://farm5.staticflickr.com/4147/4971683222_fc4a4867c0.jpg;C + C Azaria - Color Change Cyberlox for Woeful Wednesday!
0;0.875;woeful;http://farm7.staticflickr.com/6079/6076008752_78c6693d22_z.jpg;Woeful Wednesday - Because we're worth it 
0;0.875;woeful;http://farm5.staticflickr.com/4089/4994653216_edec3a667b.jpg;Twisted - Im Fine! (Woeful Wednesday Skin)
0;0.875;woeful;http://farm5.staticflickr.com/4078/4875301297_542228e131.jpg;*TSM* ^v^Woeful Wednesday ^v^ Death of a Goddess
0;0.875;woeful;http://farm5.staticflickr.com/4076/4927310498_8924146282.jpg;*TSM* ^v^Woeful Wednesday ^v^ Utterly Screwed
